inchi,smiles,target_0,target_1,target_2,target_3,target_4,target_5,target_6,target_7,target_8,prediction_0,prediction_1,prediction_2,prediction_3,prediction_4,prediction_5,prediction_6,prediction_7,prediction_8
"InChI=1/C8H14/c1-3-5-7-8-6-4-2/h3-6H,7-8H2,1-2H3/b5-3+,6-4+",[H]/C(=C(/[H])C([H])([H])C([H])([H])/C([H])=C(\[H])C([H])([H])[H])C([H])([H])[H],22.083152,441.2028,172.42264,211.12464,247.35808,279.03096,329.82472,368.06648,427.89768,20.865147972437626,443.83473248606947,170.70787013465883,209.33172001728087,246.189697137458,277.6977629132116,329.5170046356933,368.24585627380355,429.18582078014265
"InChI=1/C7H12/c1-3-5-7-6-4-2/h3,5,7H,1,4,6H2,2H3/b7-5-",[H]C([H])=C([H])/C([H])=C(/[H])C([H])([H])C([H])([H])C([H])([H])[H],40.254264,390.61824,143.76224,185.142,221.62648,251.2492,294.972,325.84992,373.29648,38.53765204592621,392.21570507975525,145.08667862910522,185.51823478328777,221.40411672387103,249.68626708983953,293.37209708274213,324.16921346886005,371.7384385964299
"InChI=1/C6H12/c1-4-5-6(2)3/h4,6H,1,5H2,2-3H3",[H]C([H])=C([H])C([H])([H])C([H])(C([H])([H])[H])C([H])([H])[H],-51.823024,370.20032,137.8628,171.58584,202.00352,227.90248,268.78016,299.44888,347.64856,-52.45368143249178,375.0479294178465,133.60073785323488,168.9578756075677,200.11646773632717,225.80230089624274,268.3217900488736,300.0017778223591,348.69415783782
"InChI=1/C8H8/c1-4-7-8(5-2)6-3/h2-4,7-8H,1H3/b7-4+",[H]C#CC([H])(C#C[H])/C([H])=C(\[H])C([H])([H])[H],510.837112,400.53432,149.07592,180.1212,205.55992,226.43808,258.82224,282.8384,320.4944,511.04232288871117,404.0555605193531,148.96649984407202,179.23353514746253,204.90528113404338,224.84634674272775,257.4763530958285,282.09469965893237,319.8621481054872
"InChI=1/C8H12/c1-5-8(6-2)7(3)4/h5-6H,1-2H2,3-4H3",[H]C([H])=C([H])C(C([H])=C([H])[H])=C(C([H])([H])[H])C([H])([H])[H],125.733384,404.25808,160.07984,201.54328,236.93992,265.64216,309.36496,341.66544,392.6684,124.28692086288183,402.3312455966719,160.63013424588786,202.25618800329232,237.53289259409348,265.63382540839086,310.40308474904657,342.88110928905394,393.2523546243158
"InChI=1/C6H12/c1-4-6(3)5-2/h4H,5H2,1-3H3/b6-4+",[H]/C(=C(/C([H])([H])[H])C([H])([H])C([H])([H])[H])C([H])([H])[H],-62.48804,377.06208,127.23544,159.8288,190.49752,217.3588,260.62136,293.25656,344.38504,-60.377217832730366,376.88838652635775,126.76367327862175,160.41845290237396,191.20583939681305,217.72913973679334,260.84970275765534,292.8677828968219,343.07533384964887
"InChI=1/C6H12/c1-5(2)6(3)4/h6H,1H2,2-4H3",[H]C([H])=C(C([H])([H])[H])C([H])(C([H])([H])[H])C([H])([H])[H],-62.856232,369.78192,132.67464,166.77424,197.44296,223.6348,265.22376,296.52008,345.89128,-63.126274926260976,366.7963016401603,133.8460397492764,168.4339216559966,199.07744322624842,225.02652020942017,266.0128581666619,296.5032348056831,345.7489365700561
"InChI=1/C7H10/c1-3-5-7-6-4-2/h3-5,7H,1-2H3/b5-3+",[H]C(=C=C([H])C([H])([H])[H])/C([H])=C(\[H])C([H])([H])[H],190.505888,382.16656,139.57824,173.38496,202.88216,227.48408,265.39112,293.0892,335.72416,190.22830703371136,382.97496492468343,138.69378263566762,172.5027385068758,202.4701368712637,226.65253248558156,265.1627671390934,292.5979413667359,334.9738759345379
"InChI=1/C6H6/c1-3-5-6-4-2/h1-2H,5-6H2",[H]C#CC([H])([H])C([H])([H])C#C[H],422.839224,330.20128,115.77128,138.44856,156.77448,171.62768,194.59784,211.79408,239.07376,423.8199065770665,336.7762287491895,112.87890493231416,136.54328179601293,154.93138832778962,169.43070504064627,193.40447873995703,210.7728984359366,237.8590549031474
InChI=1/C6H2/c1-3-5-6-4-2/h1-2H,[H]C#CC#CC#C[H],691.041992,293.67496,100.8344,115.6876,125.81288,133.4696,145.01744,153.63648,167.23448,689.8962534650112,294.09446981296514,100.0549432311768,116.24058138195053,126.17366769253442,132.87474125439786,145.04810059222098,153.86410139762694,166.2743175063789
"InChI=1/C3H4/c1-3-2/h1H,2H3",[H]C#CC([H])([H])[H],185.451616,247.44176,60.33328,71.88112,81.92272,90.45808,104.34896,115.06,132.46544,183.84028238403917,248.76064687246583,60.247467374926885,71.93768573375417,82.24806444895978,90.2177092492409,103.82838791396165,115.02435541095423,132.1798321090513
"InChI=1/C10H22/c1-7-9(3,4)10(5,6)8-2/h7-8H2,1-6H3",[H]C([H])([H])C([H])([H])C(C([H])([H])[H])(C([H])([H])[H])C(C([H])([H])[H])(C([H])([H])[H])C([H])([H])C([H])([H])[H],-258.818056,481.91312,247.0652,310.74568,364.80296,410.15752,482.4152,537.35112,624.42016,-259.23069991451666,482.20229621229356,245.37785205469487,309.4040400593342,365.22837498915874,411.442899878039,485.76685573222113,541.0588654150948,627.4488021924451
"InChI=1/C4H8/c1-3-4-2/h3-4H,1-2H3/b4-3+",[H]/C(=C(/[H])C([H])([H])[H])C([H])([H])[H],-13.003872,295.76696,87.19456,107.5288,126.90072,144.05512,172.00424,193.3008,226.982,-10.569611157415807,297.459942610585,86.01948964232838,106.60991749261933,127.07036068667009,142.95202788372825,172.21378143996554,192.85120668838687,227.19395680043675
"InChI=1/C7H10/c1-4-7(5-2)6-3/h1,5,7H,2,6H2,3H3/t7-/m0/s1",[H]C#C[C@@]([H])(C([H])=C([H])[H])C([H])([H])C([H])([H])[H],226.421344,392.08264,144.09696,177.44344,205.68544,229.074,265.30744,292.2524,334.59448,226.65085761249134,389.01597839373756,144.5937610800387,177.51495467532635,205.87991651936358,228.7937916737066,265.46301863513486,292.8030243281092,335.3026940126489
"InChI=1/C11H24/c1-7-10(4,5)11(6,8-2)9-3/h7-9H2,1-6H3",[H]C([H])([H])C([H])([H])C(C([H])([H])[H])(C([H])([H])[H])C(C([H])([H])[H])(C([H])([H])C([H])([H])[H])C([H])([H])C([H])([H])[H],-265.529192,506.0548,272.67128,344.3432,406.6848,458.48272,538.35528,597.30784,689.14664,-268.5602460937207,513.4627249439566,272.0852451435055,342.9994216835184,404.32080566055885,455.0417656006776,536.2532083058762,594.947860877413,687.8216294211176
"InChI=1/C8H12/c1-4-5-6-7-8(2)3/h7H,4H2,1-3H3",[H]C(C#CC([H])([H])C([H])([H])[H])=C(C([H])([H])[H])C([H])([H])[H],153.013064,426.39144,156.43976,193.51,227.10752,256.10264,302.294,336.93752,390.86928,155.79483031453123,428.3392170757974,154.7397309719264,193.27828967801938,227.1957274170632,255.35277841427913,301.51011629954417,335.8971584888731,389.6374551938553
"InChI=1/C6H8/c1-3-5-6-4-2/h3-5H,1H2,2H3",[H]C(=C=C([H])C([H])([H])[H])C([H])=C([H])[H],222.768712,340.53576,116.06416,145.47768,170.41432,190.66488,221.20808,243.17408,276.9808,223.7108214306525,345.3048854066433,115.10539398730859,144.8252855033493,169.8790414659205,190.6739531385204,220.7216042229361,242.12671700780191,275.1952563658127
"InChI=1/C9H18/c1-5-7-9(6-2)8(3)4/h5-7H2,1-4H3",[H]C([H])([H])C(=C(C([H])([H])C([H])([H])[H])C([H])([H])C([H])([H])C([H])([H])[H])C([H])([H])[H],-129.921568,469.98872,209.15816,257.44152,302.54504,341.8328,404.71832,451.872,525.5104,-133.91189063940428,476.9165961252771,206.63938103758107,256.1470176581247,301.51480835193536,340.2146333999414,403.96520898615006,451.29764162157375,525.7033147173428
"InChI=1/C6H12/c1-3-5-6-4-2/h3,5H,4,6H2,1-2H3/b5-3+",[H]/C(=C(/[H])C([H])([H])C([H])([H])C([H])([H])[H])C([H])([H])[H],-54.065648,378.61016,133.92984,166.314,196.39696,222.54696,264.51248,296.2272,346.0168,-53.45562780561232,381.41488148991675,133.70292151070677,165.69085441781144,195.38255617687125,220.74795834510758,263.39451837602815,295.34225351726593,345.41057203286493
"InChI=1/C7H6/c1-4-6-7(3)5-2/h2H,3H2,1H3",[H]C#CC(C#CC([H])([H])[H])=C([H])[H],493.770576,365.51424,121.50336,146.69104,167.36,184.38888,210.74808,230.28736,260.70504,493.19073878624124,366.41488994458234,121.3595664252521,146.45343977793303,167.59871549897156,183.8926184889215,210.78225794536297,230.55292830774732,261.2603969984748
"InChI=1/C8H18/c1-7(2)6-8(3,4)5/h7H,6H2,1-5H3",[H]C([H])([H])C([H])(C([H])([H])[H])C([H])([H])C(C([H])([H])[H])(C([H])([H])[H])C([H])([H])[H],-230.3292,431.49592,188.74024,241.33312,288.19392,327.64904,389.19568,434.67576,505.218,-227.69194202947884,427.71594942831064,190.3095099811665,244.17517764760217,290.9269299644926,329.9755355772696,390.52777966749994,435.1765473484593,505.1570174827415
"InChI=1/C6H4/c1-3-5-6-4-2/h1-2,5-6H/b6-5-",[H]C#C/C([H])=C(/[H])C#C[H],529.744608,318.52792,102.0896,122.5912,138.11384,150.24744,168.44784,181.75296,202.58928,532.6172870601881,316.6891211114477,102.00213707998239,122.73556068382211,137.94887887430824,149.63647871537034,168.60982359083266,181.00893586142053,202.03222388360223
"InChI=1/C6H12/c1-4-5-6(2)3/h5H,4H2,1-3H3",[H]C(=C(C([H])([H])[H])C([H])([H])[H])C([H])([H])C([H])([H])[H],-52.797896,372.7944,129.62032,162.7576,193.63552,220.53864,263.50832,295.72512,345.97496,-61.10991339829016,370.99374460756735,129.49622027611724,163.09650165296472,193.5981464502986,219.55742868575953,262.7141848084552,294.74863613615616,344.6910225341436
"InChI=1/C8H16/c1-6-7(2)8(3,4)5/h6H,1-5H3/b7-6+",[H]/C(=C(/C([H])([H])[H])C(C([H])([H])[H])(C([H])([H])[H])C([H])([H])[H])C([H])([H])[H],-115.281752,421.91456,173.80336,220.706,262.9644,299.07232,355.97472,398.35864,464.46584,-114.09795469274846,422.1898869766329,176.2170855835738,222.23535553191203,264.0819751544057,298.71465287619975,356.0931277392667,398.2541375838094,464.8197420249136
"InChI=1/C8H16/c1-5-8(6-2)7(3)4/h5-6H2,1-4H3",[H]C([H])([H])C(=C(C([H])([H])C([H])([H])[H])C([H])([H])C([H])([H])[H])C([H])([H])[H],-108.725424,433.62976,182.79896,225.936,266.18608,301.28984,357.5228,399.69752,465.59552,-110.57689118786524,432.03888527917525,181.38086730120605,226.26461730345943,266.72775050852806,301.01637905809775,358.0625750207336,399.95091064081225,466.0595537375742
"InChI=1/C8H14/c1-4-7-8(5-2)6-3/h5-6,8H,2-4,7H2,1H3",[H]C([H])=C([H])C([H])(C([H])=C([H])[H])C([H])([H])C([H])([H])C([H])([H])[H],36.580712,441.11912,178.6568,219.40896,255.8516,286.93872,336.05888,372.83624,430.44992,37.53279194965995,439.81459515410336,177.74144398163025,219.39917001145108,256.43458901044335,287.0187217060788,336.4679647216242,373.38801968336975,431.1760792449792
"InChI=1/C8H18/c1-5-6-8(4)7(2)3/h7-8H,5-6H2,1-4H3/t8-/m1/s1",[H]C([H])([H])C([H])([H])C([H])([H])[C@@]([H])(C([H])([H])[H])C([H])(C([H])([H])[H])C([H])([H])[H],-218.7186,455.2192,192.96608,242.42096,287.06424,325.306,386.09952,431.7888,503.37704,-218.31665528022185,451.25747193244416,194.46781149420212,243.9623822747971,288.608343792977,325.9231162686669,386.6749462851694,432.20319275560996,503.5352582801802
"InChI=1/C9H16/c1-4-5-6-7-8-9(2)3/h4,8H,1,5-7H2,2-3H3",[H]C([H])=C([H])C([H])([H])C([H])([H])C([H])([H])C([H])=C(C([H])([H])[H])C([H])([H])[H],0.267776,479.77928,189.99544,237.40016,280.87192,318.1932,377.10392,420.78488,488.44016,3.9289938267781963,481.4299853866495,191.3572198886944,238.1623878518866,281.49421202747124,318.0737643373745,376.65642887571323,420.8329576883576,488.711290832823
"InChI=1/C7H10/c1-4-6-7(3)5-2/h4-6H,2-3H2,1H3/b6-4+",[H]C([H])=C([H])C(=C([H])[H])/C([H])=C(\[H])C([H])([H])[H],148.808144,378.90304,141.37736,176.60664,205.89464,229.65976,265.97688,292.79632,334.88736,146.79198737776406,376.77840801747897,141.63571736420312,177.83148814048832,208.81489858239533,232.8680605658616,269.9437484485742,296.53951387789556,338.1120069770759
"InChI=1/C7H8/c1-4-7(5-2)6-3/h1-2,7H,6H2,3H3",[H]C#CC([H])(C#C[H])C([H])([H])C([H])([H])[H],406.51744,374.2588,135.51976,165.81192,190.45568,210.41336,240.87288,263.34096,298.65392,406.59516361771716,373.3581352933807,136.94766736546447,166.7413244429662,191.1502487859967,210.3993463009862,240.8307533691568,263.2000830595814,298.091666038338
"InChI=1/C10H8/c1-5-9-10(6-2,7-3)8-4/h2-5,9H,1H3/b9-5+",[H]C#CC(C#C[H])(C#C[H])/C([H])=C(\[H])C([H])([H])[H],785.023,431.91432,184.22152,219.91104,247.60912,269.6588,303.34,328.2348,367.43888,784.539352906405,432.72067630303945,183.71723798501995,219.85330613817956,247.77976191086884,269.0321267722492,302.9422762174494,327.6998553929876,366.81226765172926
"InChI=1/C8H16/c1-5-7-8(3,4)6-2/h5,7H,6H2,1-4H3/b7-5+",[H]/C(=C(/[H])C(C([H])([H])[H])(C([H])([H])[H])C([H])([H])C([H])([H])[H])C([H])([H])[H],-112.101912,429.94784,189.28416,232.58856,272.67128,307.18928,361.87416,402.79368,466.89256,-111.2352461187518,433.37135443198554,185.38050911366975,230.75025241697097,271.6926008404961,305.8433236218506,361.1753610799168,402.241725892417,466.8648431146321
"InChI=1/C6H10/c1-3-5-6-4-2/h3-6H,1-2H3/b5-3+,6-4+",[H]C(/C([H])=C(\[H])C([H])([H])[H])=C(/[H])C([H])([H])[H],44.082624,343.2972,123.34432,155.51928,184.68176,209.03264,245.85184,272.33656,313.00504,45.04941633203967,348.01894379991325,122.73306495759923,155.11831363123514,184.2648783829871,208.01285945950403,245.52650727730753,271.8440860385211,313.18295414587254
"InChI=1/C5H8/c1-4-5(2)3/h1,5H,2-3H3",[H]C#CC([H])(C([H])([H])[H])C([H])([H])[H],139.519664,320.78728,105.72968,130.79184,152.0884,169.78672,197.4848,218.36296,251.54208,137.1316196770401,321.7838734316139,104.58228170711286,130.31680545461833,151.50761104387266,169.54907068944323,196.8682100749839,217.7187689546991,250.4969030270703
"InChI=1/C5H10/c1-4-5(2)3/h2,4H2,1,3H3",[H]C([H])=C(C([H])([H])[H])C([H])([H])C([H])([H])[H],-38.153896,338.52744,108.40744,136.64944,162.29736,184.3052,219.2416,245.51712,286.85504,-37.66546213428285,339.35348717244443,108.82684706541954,137.25551458330503,162.33107186396367,185.15020595315903,219.09355165473056,244.99587334734593,285.62240600505964
"InChI=1/C5H10/c1-3-5-4-2/h3,5H,4H2,1-2H3/b5-3-",[H]/C(=C(\[H])C([H])([H])C([H])([H])[H])C([H])([H])[H],-28.154136,339.69896,105.10208,133.2604,159.49408,182.12952,218.02824,244.84768,286.68768,-27.45995962189056,340.41279815046676,104.31072812806374,133.53741139052366,159.8255839265858,181.69132684082166,217.7564728932008,245.06955299938954,286.0607904973442
"InChI=1/C5H12/c1-5(2,3)4/h1-4H3",[H]C([H])([H])C(C([H])([H])[H])(C([H])([H])[H])C([H])([H])[H],-172.251096,308.48632,123.80456,157.06736,186.3972,211.04096,249.74296,278.8636,325.01312,-176.87827070196064,310.3650833771955,122.29861706614048,155.82789146600697,185.810461780357,210.928225425555,251.15457800897389,280.3859638539962,327.43811504068975
"InChI=1/C5H6/c1-3-5-4-2/h1,4H,2,5H2",[H]C#CC([H])([H])C([H])=C([H])[H],275.959904,322.67008,93.97264,115.18552,133.0512,147.86256,170.83272,187.94528,214.93208,279.1224455488163,319.5610159148397,92.63150860845349,114.67245131364686,132.852139707086,146.69354397703694,170.96189976051966,187.0414573724927,216.42008452082058
"InChI=1/C8H8/c1-5-8(6-2)7(3)4/h1-2H,3-4H3",[H]C#CC(C#C[H])=C(C([H])([H])[H])C([H])([H])[H],459.386464,384.80248,148.02992,177.82,202.924,223.88584,256.81392,281.374,319.78312,464.0317276554596,385.23985324879123,146.85035807967986,178.6990913485211,203.97426060445162,223.54787532180274,256.47260412804604,281.34396925596013,319.3417274440944
"InChI=1/C6H12/c1-4-5-6(2)3/h2,4-5H2,1,3H3",[H]C([H])=C(C([H])([H])[H])C([H])([H])C([H])([H])C([H])([H])[H],-58.559264,377.68968,132.50728,166.43952,197.15008,223.50928,265.43296,296.93848,346.39336,-58.53133352545865,375.8957189905941,134.0896245174937,167.83223143727594,198.08578849325224,223.208832683466,265.56088916216925,297.4845539720853,346.76303988504463
"InChI=1/C9H14/c1-5-8-9(4,6-2)7-3/h5-8H,2-3H2,1,4H3/b8-5+",[H]C([H])=C([H])C(C([H])=C([H])[H])(/C([H])=C(\[H])C([H])([H])[H])C([H])([H])[H],123.750168,446.642,191.75272,236.6052,275.47456,307.85872,358.02488,395.1788,453.50376,128.1463363986162,446.2927879214588,188.97474868837938,236.045898691537,276.1705111937864,307.94537276218466,358.5898570330185,395.73108529242603,454.2394133098861
"InChI=1/C8H14/c1-7(2)5-6-8(3)4/h5-6H,1-4H3",[H]C(C([H])=C(C([H])([H])[H])C([H])([H])[H])=C(C([H])([H])[H])C([H])([H])[H],-18.982808,414.4252,165.10064,205.51808,243.17408,276.10216,328.90424,368.44304,430.07336,-17.65235123561007,413.4253066433804,165.76981796625813,208.16250120667382,246.31958631045262,278.01886175542154,329.75579901949845,368.0110703530732,428.1597942942698
"InChI=1/C7H16/c1-6(2)5-7(3)4/h6-7H,5H2,1-4H3",[H]C([H])([H])C([H])(C([H])([H])[H])C([H])([H])C([H])(C([H])([H])[H])C([H])([H])[H],-204.990896,398.65152,176.23008,221.79384,260.74688,293.42392,344.9708,383.84016,445.34496,-207.3948489296873,405.99156513882986,171.28857948172134,216.71731521004455,256.93798176582357,290.5962834954132,344.73896415266813,385.02179204848755,448.25093141243514
"InChI=1/C3H8/c1-3-2/h3H2,1-2H3",[H]C([H])([H])C([H])([H])C([H])([H])[H],-107.98904,270.83032,73.80576,93.21952,111.33624,127.1936,152.9252,172.75736,204.3884,-113.14806466946041,271.92551191648556,74.94151224401776,94.10466410179089,111.15060506874778,127.60634126254143,153.195640052359,173.8714574652493,207.28047888963528
"InChI=1/C5H6/c1-3-5-4-2/h3H,1H2,2H3",[H]C([H])=C([H])C#CC([H])([H])[H],247.0652,319.61576,89.57944,109.66264,127.65384,143.00912,167.31816,185.51856,213.92792,248.30124489120684,318.4715597181442,89.52163004755073,109.91936222439537,128.28384461966255,142.95486845640136,167.6891493578936,185.63705795318873,214.24198659972546
"InChI=1/C7H6/c1-4-7(5-2)6-3/h1-2,6-7H,3H2",[H]C#CC([H])(C#C[H])C([H])=C([H])[H],543.338424,364.09168,125.56184,152.25576,173.09208,189.61888,214.55552,232.92328,261.75104,541.7437516194702,367.295959165579,125.68927513016487,152.03849444331053,173.2450951659442,189.31892388669388,214.39725200014658,232.94401653599164,261.7553472316993
"InChI=1/C9H16/c1-5-9(6-2,7-3)8-4/h5-6H,1-2,7-8H2,3-4H3",[H]C([H])=C([H])C(C([H])=C([H])[H])(C([H])([H])C([H])([H])[H])C([H])([H])C([H])([H])[H],9.388896,433.54608,204.05368,254.76376,298.9468,336.01704,393.33784,434.88496,497.64496,10.452917616745566,439.72607381413354,204.02602890456185,256.41369185759993,299.9610985493272,334.7887084360092,391.83149209848403,430.7411886267978,493.8374125610178
"InChI=1/C6H10/c1-4-6(3)5-2/h4-5H,1H2,2-3H3/b6-5-",[H]C([H])=C([H])/C(=C(/[H])C([H])([H])[H])C([H])([H])[H],49.634792,348.06696,123.93008,157.946,186.89928,210.07864,244.93136,270.53744,311.20592,47.23479821913672,353.44729198729453,123.42391786823404,156.545378460035,185.1181120506811,208.79148071899968,244.9498958513036,270.94684595844546,311.99297415737334
"InChI=1/C8H12/c1-4-5-6-7-8(2)3/h7H,6H2,1-3H3",[H]C(=C(C([H])([H])[H])C([H])([H])[H])C([H])([H])C#CC([H])([H])[H],186.31352,433.33688,155.51928,191.8364,225.3084,254.3872,300.95512,335.9752,390.3672,180.82937273529268,430.87946188268427,154.1832069337101,191.45742855249725,225.47587345377073,254.48910482925518,301.56766222900865,336.8589192421059,391.2200283605449
"InChI=1/C6H4/c1-3-5-6-4-2/h1-2,5-6H/b6-5+",[H]C#C/C([H])=C(\[H])C#C[H],528.6484,318.10952,103.01008,122.96776,138.23936,150.33112,168.48968,181.75296,202.58928,527.9026876770159,317.8907646432332,103.43510935315658,124.04688443561926,139.2963846156318,150.85970032271484,169.2986465473677,181.8260051392955,202.53672057590694
InChI=1/C2H4/c1-2/h1-2H2,[H]C([H])=C([H])[H],50.08248,218.94872,42.63496,52.42552,61.75584,69.8728,82.92688,92.96848,109.2024,49.866793636675965,221.38108898015133,42.74773750457328,52.85561366546415,64.29314145711328,70.11908512733737,84.87234034276361,94.43527673999654,106.87755630086178
"InChI=1/C8H16/c1-6-7(2)8(3,4)5/h6H,1-5H3/b7-6-",[H]/C(=C(\C([H])([H])[H])C(C([H])([H])[H])(C([H])([H])[H])C([H])([H])[H])C([H])([H])[H],-97.474648,418.98576,178.90784,223.92768,264.88904,300.16016,356.22576,398.3168,464.29848,-98.54946526468453,421.27230901383075,175.93029613306743,221.58749141866042,263.33426810784374,297.9425877598826,355.8301689161659,398.37012865965113,465.6017990440854
"InChI=1/C6H12/c1-4-6(3)5-2/h4,6H,1,5H2,2-3H3/t6-/m1/s1",[H]C([H])=C([H])[C@@]([H])(C([H])([H])[H])C([H])([H])C([H])([H])[H],-51.161952,373.58936,143.21832,176.27192,205.26704,230.03632,269.6588,299.74176,347.60672,-50.98090018791879,373.35213990795023,137.54918597344763,171.65103716481235,202.0505188553252,227.2622664823091,268.2170673721769,298.9430916228032,346.9474331091871
"InChI=1/C6H12/c1-5-6(2,3)4/h5H,1H2,2-4H3",[H]C([H])=C([H])C(C([H])([H])[H])(C([H])([H])[H])C([H])([H])[H],-63.232792,350.53552,135.93816,171.92056,203.30056,229.53424,270.24456,300.49488,348.06696,-64.44864945649616,352.82999868879807,134.60605798659364,170.94819882489966,202.12346209086084,228.3744901762274,268.8145081203843,298.4917867614963,346.8073655601929
"InChI=1/C8H14/c1-3-5-7-8-6-4-2/h3-4H,1-2,5-8H2",[H]C([H])=C([H])C([H])([H])C([H])([H])C([H])([H])C([H])([H])C([H])=C([H])[H],43.455024,455.88864,172.7992,213.67688,251.08184,283.0476,333.4648,370.99528,429.52944,43.66536528225623,450.71362736458093,172.80326084585317,213.89088617594305,251.74811388347862,283.71812843349755,334.3709340517556,372.397660485859,431.14415208307616
"InChI=1/C5H12/c1-3-5-4-2/h3-5H2,1-2H3",[H]C([H])([H])C([H])([H])C([H])([H])C([H])([H])C([H])([H])[H],-148.519448,347.52304,124.72504,153.84568,181.62744,206.062,245.72632,275.9348,323.71608,-149.50642991539698,349.17390747110164,124.13923257439868,154.03904758259125,182.9219940833301,205.9053574341278,244.5718754885201,274.5009036022493,321.6058227206381
InChI=1/C4H6/c1-3-4-2/h1-2H3,[H]C([H])([H])C#CC([H])([H])[H],145.24756,283.29864,77.94792,94.09816,109.53712,123.30248,145.89608,163.21784,190.53936,145.11945738932553,286.7347660593708,77.53185777457855,92.44934762065358,109.30118410026915,119.97800871124497,146.9981435560602,162.79035046061745,190.79877476478072
"InChI=1/C8H18/c1-4-6-8(3)7-5-2/h8H,4-7H2,1-3H3",[H]C([H])([H])C([H])([H])C([H])([H])C([H])(C([H])([H])[H])C([H])([H])C([H])([H])C([H])([H])[H],-215.325376,457.60408,195.01624,243.46696,287.65,325.76624,386.51792,432.2072,503.71176,-215.3012611022762,460.0270273837819,196.92783720925604,244.69658804326224,288.87829819802056,326.3678307466678,386.9437946218627,432.40972008285587,503.49308154862155
"InChI=1/C7H14/c1-4-6-7(3)5-2/h3-6H2,1-2H3",[H]C([H])=C(C([H])([H])C([H])([H])[H])C([H])([H])C([H])([H])C([H])([H])[H],-77.713616,415.13648,152.67416,193.59368,230.58024,262.08576,311.66616,348.5272,406.09904,-76.53018273015948,415.6185658889243,154.73057780750747,195.23239043124605,231.54038249922195,261.05521537435635,309.9293768449618,346.69430316294665,403.41351060080933
"InChI=1/C6H12/c1-4-6(3)5-2/h4H,5H2,1-3H3/b6-4-",[H]/C(=C(\C([H])([H])[H])C([H])([H])C([H])([H])[H])C([H])([H])[H],-62.776736,371.99944,129.24376,162.5484,193.46816,220.24576,263.08992,295.22304,345.51472,-61.1619046369909,372.1837339515336,127.74265441738865,162.49048553258513,193.7742500399591,220.52827048355218,263.552724203186,295.2604854163356,344.8842888156884
"InChI=1/C9H16/c1-5-8-9(4,6-2)7-3/h5-6,8H,2,7H2,1,3-4H3/b8-5+/t9-/m0/s1",[H]C([H])=C([H])[C@@](/C([H])=C(\[H])C([H])([H])[H])(C([H])([H])[H])C([H])([H])C([H])([H])[H],-3.38904,463.00144,200.49728,248.1112,290.5788,326.5612,382.96152,424.75968,490.11376,-0.6877923587255736,458.7671865404407,200.9599079993153,248.84803332904687,291.30148892418185,326.48099713298274,383.3159300470277,424.9644898005772,490.75474803021024
"InChI=1/C4H6/c1-3-4-2/h3-4H,1-2H2",[H]C([H])=C([H])C([H])=C([H])[H],109.491096,275.39088,77.27848,100.24864,119.82976,135.26872,157.15104,172.1716,195.1836,110.69458958259621,275.7325185555088,77.5306354123986,100.39103468675475,119.47915394296717,135.33135473374665,157.0768674088431,172.1403254930176,195.91753858934834
"InChI=1/C8H12/c1-4-6-7-8(3)5-2/h6-7H,1,5H2,2-3H3/b8-7-",[H]C([H])=C=C([H])/C([H])=C(/C([H])([H])[H])C([H])([H])C([H])([H])[H],167.184272,407.35424,163.46888,205.35072,240.83104,269.70064,313.54896,345.55656,395.388,168.91327870850947,411.4073756079074,161.36474481217888,203.73171035711258,240.51410018302587,268.96019941420593,314.2192773222318,346.10641226770827,395.7029029418989
"InChI=1/C4H8/c1-3-4-2/h3H,1,4H2,2H3",[H]C([H])=C([H])C([H])([H])C([H])([H])[H],-1.54808,306.10144,86.27408,108.44928,128.57432,145.89608,173.51048,194.38864,227.44224,-6.3523143207516455,306.36161742401407,86.16704621976572,107.52513346805242,128.6081454012276,144.97547939268856,172.64637644607683,194.06804245472551,227.01716905406772
"InChI=1/C8H14/c1-3-5-7-8-6-4-2/h3-6H,7-8H2,1-2H3/b5-3-,6-4+",[H]/C(=C(\[H])C([H])([H])C([H])([H])/C([H])=C(\[H])C([H])([H])[H])C([H])([H])[H],26.455432,446.09808,167.10896,207.44272,245.1824,277.90128,329.78288,368.4012,428.31608,26.80563532748596,441.94312527343834,166.4619805506572,206.76607044541558,244.8533783955533,277.24962453064944,329.6348252267886,368.3584318491701,428.97805655659226
"InChI=1/C8H14/c1-4-6-8(3)7-5-2/h4-8H,1-3H3/b6-4-,7-5-",[H]/C(=C(\[H])C([H])(/C([H])=C(/[H])C([H])([H])[H])C([H])([H])[H])C([H])([H])[H],23.564288,426.26592,167.48552,212.5472,252.04416,284.76304,334.9292,371.87392,429.65496,27.57993690623269,428.05772847072717,168.8770626277017,212.45312727265593,251.5946509142905,283.9374104989568,335.009123866981,371.8950891323436,430.45296467855155
"InChI=1/C9H16/c1-5-8-9(4,6-2)7-3/h5-6,8H,2,7H2,1,3-4H3/b8-5-/t9-/m1/s1",[H]C([H])=C([H])[C@](/C([H])=C(/[H])C([H])([H])[H])(C([H])([H])[H])C([H])([H])C([H])([H])[H],8.476784,454.42424,203.30056,252.33704,294.42808,329.74104,384.928,426.05672,490.65768,5.154662048584726,453.50303828631377,202.00629368114824,250.7242028710578,293.48500901929754,328.68146450776226,385.1833075858485,426.20652550325826,491.0678798104135
"InChI=1/C8H16/c1-5-7(3)8(4)6-2/h5-6H2,1-4H3/b8-7-",[H]C([H])([H])/C(=C(\C([H])([H])[H])C([H])([H])C([H])([H])[H])C([H])([H])C([H])([H])[H],-108.060168,436.30752,172.50632,217.7772,259.91008,296.47824,354.67768,397.98208,465.0516,-109.15191779177823,435.90942196732135,171.30973798897912,218.3892205029082,261.2748048374656,296.84579699874615,355.2974294395482,398.3027362472883,464.4104722522305
"InChI=1/C9H20/c1-5-9(6-2,7-3)8-4/h5-8H2,1-4H3",[H]C([H])([H])C([H])([H])C(C([H])([H])C([H])([H])[H])(C([H])([H])C([H])([H])[H])C([H])([H])C([H])([H])[H],-240.429376,428.19056,233.17432,301.0388,351.91624,390.3672,448.39928,492.83336,565.886,-238.18469857736014,434.40533753611913,233.2344714200998,293.55715527894677,344.8993640888584,387.1373369027941,446.65078900438107,497.051753958446,574.3937220644146
"InChI=1/C8H12/c1-5-7-8(3,4)6-2/h6H,2H2,1,3-4H3",[H]C([H])=C([H])C(C#CC([H])([H])[H])(C([H])([H])[H])C([H])([H])[H],174.159,416.39168,165.77008,203.59344,236.85624,264.88904,308.82104,341.58176,393.04496,173.20025259503544,417.8306106754836,165.7228588858449,204.00555107178243,237.5460903650067,264.8930699971176,308.9007054567263,341.57450193559663,393.36160414358216
"InChI=1/C5H4/c1-3-5-4-2/h1H,2H3",[H]C#CC#CC([H])([H])[H],415.0528,294.38624,89.49576,105.10208,117.86328,128.53248,145.56136,158.44808,178.90784,417.30710051284507,297.61683238090217,89.10462992101779,104.40175820591409,118.04979535981806,127.66335561405111,144.89735329965123,157.44143882078953,178.10416284060085
"InChI=1/C4H10/c1-3-4-2/h3-4H2,1-2H3",[H]C([H])([H])C([H])([H])C([H])([H])C([H])([H])[H],-128.314912,308.7792,99.1608,123.46984,146.44,166.60688,199.32576,224.30424,264.05224,-126.87650263177372,309.16994010540304,98.98987287030741,123.39021999023751,147.79321617822978,166.40552050607363,198.5136658905617,224.20903549961616,263.3068250856173
"InChI=1/C7H10/c1-4-6-7(3)5-2/h5,7H,2H2,1,3H3/t7-/m1/s1",[H]C([H])=C([H])[C@]([H])(C#CC([H])([H])[H])C([H])([H])[H],206.840224,399.11176,137.2352,169.53568,198.02872,222.1704,260.16112,288.4868,332.8372,208.0800559487335,396.97915450467815,137.509924864382,169.84639352898574,198.61454363162477,222.30545448665896,260.78354616224357,289.62764543102867,334.8806692199499
"InChI=1/C9H18/c1-6-8(4)9(5)7(2)3/h7H,6H2,1-5H3/b9-8+",[H]C([H])([H])/C(=C(/C([H])([H])[H])C([H])(C([H])([H])[H])C([H])([H])[H])C([H])([H])C([H])([H])[H],-133.222744,467.31096,196.35512,249.49192,297.77528,339.07136,404.1744,452.2904,526.43088,-133.49651417441814,469.7190728066868,197.2122183152293,250.3922038433127,298.5082383800106,338.50940845769793,403.352131086667,450.95802872357007,524.6561156904808
"InChI=1/C8H12/c1-4-5-6-7-8(2)3/h4-6H,1-3H3/b5-4-",[H]C(=C=C(C([H])([H])[H])C([H])([H])[H])/C([H])=C(/[H])C([H])([H])[H],160.460584,411.11984,161.41872,200.91568,235.68472,264.72168,309.49048,342.41856,393.63072,159.68998372270377,410.2745107170514,162.18831133092303,201.38257866141123,236.34383786837222,264.9001967910563,310.18927342418704,343.11084842549997,393.85651476494326
"InChI=1/C7H10/c1-4-6-7(3)5-2/h2,4,6-7H,1,3H3/b6-4-/t7-/m1/s1",[H]C#C[C@]([H])(/C([H])=C(/[H])C([H])([H])[H])C([H])([H])[H],222.676664,385.17904,141.4192,175.35144,204.09552,227.77696,264.34512,291.49928,334.17608,224.14009098337533,386.1941923906802,140.33234458596553,173.6476171583634,202.78568357582571,226.46504200803037,264.1190574046965,291.8273976624992,335.14155295232416
"InChI=1/C5H10/c1-4-5(2)3/h4-5H,1H2,2-3H3",[H]C([H])=C([H])C([H])(C([H])([H])[H])C([H])([H])[H],-29.626904,334.55264,113.05168,140.74976,165.77008,187.10848,221.04072,246.6468,287.2316,-34.20856564973721,336.091029822028,112.63626603959324,141.48286737523753,166.87421564385548,189.6707491020595,222.812146574098,247.30070744418492,287.3314202397326
"InChI=1/C8H12/c1-4-7-8(5-2)6-3/h4-8H,2-3H2,1H3/b7-4-",[H]C([H])=C([H])C([H])(C([H])=C([H])[H])/C([H])=C(/[H])C([H])([H])[H],159.770224,424.55048,160.41456,200.49728,234.9316,263.50832,307.81688,340.70312,392.37552,162.6076216752213,426.3293640333254,160.75127906907971,199.47718607557573,234.25006928100748,262.2969514285878,307.4074219382941,340.7902962294588,392.4662571950768
"InChI=1/C7H14/c1-4-5-6-7(2)3/h5-7H,4H2,1-3H3/b6-5-",[H]/C(=C(\[H])C([H])(C([H])([H])[H])C([H])([H])[H])C([H])([H])C([H])([H])[H],-77.232456,401.83136,154.13856,197.81952,236.68888,268.86384,317.7748,353.29696,408.44208,-75.2377918760942,404.10703668829467,154.07056043805505,197.56939846264154,235.97405587963644,267.28050792320016,316.9932761233348,352.95625794475063,408.8870382740171
"InChI=1/C8H18/c1-6-8(4,5)7(2)3/h7H,6H2,1-5H3",[H]C([H])([H])C([H])([H])C(C([H])([H])[H])(C([H])([H])[H])C([H])(C([H])([H])[H])C([H])([H])[H],-225.450656,426.47512,198.86552,251.58392,296.35272,333.42296,391.45504,435.136,504.3812,-222.5217275019003,432.27318914908574,194.94354321309572,246.7862213377337,292.23699758462294,329.5585040017032,390.9915959174816,435.99874837331697,506.5436604700724
"InChI=1/C5H8/c1-3-5-4-2/h3-5H,1H2,2H3/b5-4+",[H]C([H])=C([H])/C([H])=C(\[H])C([H])([H])[H],86.83892,316.35224,100.416,127.90488,152.25576,172.12976,201.54328,222.29592,254.13616,82.29523002591796,316.442574033395,99.86419652338108,127.59215578916121,152.06031769242108,171.0935813559177,200.75686564680979,222.1338385839851,254.42877658848414
"InChI=1/C8H18/c1-5-8(6-2)7(3)4/h7-8H,5-6H2,1-4H3",[H]C([H])([H])C([H])([H])C([H])(C([H])([H])C([H])([H])[H])C([H])(C([H])([H])[H])C([H])([H])[H],-215.170568,440.03128,201.0412,249.7848,292.62896,329.32264,388.2752,433.08584,503.9628,-214.73622670096742,442.42376585700043,197.94956464449456,248.33632372144166,293.08992019374324,330.3749023415252,391.0167305726587,435.57612691898646,505.8050180531906
"InChI=1/C6H12/c1-4-6(3)5-2/h3-5H2,1-2H3",[H]C([H])=C(C([H])([H])C([H])([H])[H])C([H])([H])C([H])([H])[H],-57.241304,370.57688,128.53248,163.84544,195.8112,222.96536,265.60032,297.23136,346.6444,-54.73436159979343,371.62124057951564,129.3998137351387,164.82903455040847,195.89722480554852,221.63852860262975,263.5315916885196,294.53215118065896,343.3894163145738
"InChI=1/C7H8/c1-4-7(5-2)6-3/h1,5-6H,2H2,3H3/b7-6-",[H]C#C/C(C([H])=C([H])[H])=C(\[H])C([H])([H])[H],320.042528,364.008,131.25208,164.222,190.95776,211.79408,242.21176,264.13592,298.7376,316.57137341818236,364.18166146283545,130.26661404003337,162.31143404932968,188.58808153279443,208.8437016041235,241.19197686949394,264.60098201571174,301.09531480462175
"InChI=1/C8H18/c1-5-6-7-8(2,3)4/h5-7H2,1-4H3",[H]C([H])([H])C([H])([H])C([H])([H])C([H])([H])C(C([H])([H])[H])(C([H])([H])[H])C([H])([H])[H],-230.417064,433.92264,197.2756,248.5296,293.38208,331.03808,390.3672,434.9268,505.0088,-229.19636728408128,436.32923568431437,193.80261363741562,244.25852087741694,289.2972940968116,327.0877510646291,388.2755902547259,433.70315821806275,505.22001024851863
"InChI=1/C6H10/c1-3-5-6-4-2/h3,5-6H,1,4H2,2H3/b6-5-",[H]C([H])=C([H])/C([H])=C(/[H])C([H])([H])C([H])([H])[H],61.751656,352.66936,120.16448,155.72848,186.8156,211.9196,248.48776,274.13568,313.5908,61.36396264179281,353.7991895574025,119.84460857443673,155.5245028007356,186.55031459793275,210.741254874252,248.06580479285498,273.82935843417636,312.98604357289463
"InChI=1/C6H8/c1-3-5-6-4-2/h4-6H,1H2,2H3/b6-4+",[H]C([H])=C=C([H])/C([H])=C(\[H])C([H])([H])[H],219.3462,341.49808,118.32352,147.31864,171.7532,191.6272,221.71016,243.55064,277.23184,220.48477646371927,342.423692496724,116.18305176824535,145.55634431760336,171.10261258408912,191.20843732166736,222.41417614725356,244.15583015582638,277.5174622459691
"InChI=1/C9H20/c1-7(2)8(3)9(4,5)6/h7-8H,1-6H3/t8-/m0/s1",[H]C([H])([H])C([H])(C([H])([H])[H])[C@]([H])(C([H])([H])[H])C(C([H])([H])[H])(C([H])([H])[H])C([H])([H])[H],-244.119664,448.56664,216.22912,273.17336,324.09264,367.31336,435.30336,486.09712,565.76048,-240.76199250533963,454.7784776499942,214.15624269346927,273.67148663768444,325.52746931063746,368.2392034662864,436.791432478341,487.0448388458261,565.605325117129
"InChI=1/C6H10/c1-3-5-6-4-2/h3,5H2,1-2H3",[H]C([H])([H])C#CC([H])([H])C([H])([H])C([H])([H])[H],104.01424,370.32584,120.83392,150.624,177.69448,200.95752,238.02776,265.8932,309.44864,104.08206582010278,373.0201638466235,122.47964308421942,151.6611012972992,177.98256168052828,200.4291644787845,237.64213887499443,265.46423701643135,308.92107415044563
"InChI=1/C8H10/c1-4-7-8(5-2)6-3/h2,4,6-8H,3H2,1H3/b7-4+/t8-/m0/s1",[H]C#C[C@@]([H])(C([H])=C([H])[H])/C([H])=C(\[H])C([H])([H])[H],327.866608,414.50888,161.66976,193.76104,222.00304,245.93552,283.71704,312.04272,356.56048,329.3041482315888,414.5546794851787,161.07877026979247,193.00870060060228,221.5659338376103,244.9260759839041,283.161181316121,312.21917595525605,357.48882336248914
"InChI=1/C7H14/c1-3-5-7-6-4-2/h3,5H,4,6-7H2,1-2H3/b5-3+",[H]/C(=C(/[H])C([H])([H])C([H])([H])C([H])([H])C([H])([H])[H])C([H])([H])[H],-74.173952,419.52968,159.70328,196.81536,231.66808,262.08576,310.95488,347.85776,405.68064,-74.47527541219387,420.79202604975046,159.34201189103823,196.50022309018485,231.49921167514412,261.3378777175837,310.67483615357247,347.73530012869776,405.6438961815968
"InChI=1/C7H10/c1-3-5-7-6-4-2/h3,5H,7H2,1-2H3/b5-3+",[H]/C(=C(/[H])C([H])([H])C#CC([H])([H])[H])C([H])([H])[H],202.597648,406.43376,134.68296,165.22616,193.34264,217.73536,256.81392,286.14376,331.83304,205.49513587944801,401.25125579802454,134.76647847078192,165.20787585233995,193.35965339813913,217.3097494714181,257.1427504288645,286.55931953391934,332.6940151363596
"InChI=1/C7H10/c1-5-7(3,4)6-2/h1,6H,2H2,3-4H3",[H]C#CC(C([H])=C([H])[H])(C([H])([H])[H])C([H])([H])[H],216.576392,373.67304,148.23912,181.29272,209.03264,231.7936,266.98104,293.21472,334.84552,214.16421101598368,374.4159526841554,147.17678698945048,180.69023147432085,208.84638215374895,230.3444019627514,266.02992790232497,292.4680164083582,334.5169134783171
"InChI=1/C8H12/c1-4-5-6-7-8(2)3/h4-6H,1-3H3/b5-4+",[H]C(=C=C(C([H])([H])[H])C([H])([H])[H])/C([H])=C(\[H])C([H])([H])[H],155.845632,411.11984,164.59856,203.04952,237.10728,265.80952,310.53648,343.54824,394.63488,155.3650235949715,410.46134585986067,163.18005451292586,202.01507004258738,236.75904551810484,265.2757483969189,310.69145110054114,343.72191714485905,394.59064142939707
"InChI=1/C6H14/c1-5-6(2,3)4/h5H2,1-4H3",[H]C([H])([H])C([H])([H])C(C([H])([H])[H])(C([H])([H])[H])C([H])([H])[H],-188.710952,362.04152,145.05928,184.26336,219.11608,248.57144,294.88832,329.53184,384.17488,-187.08121760243185,360.6271552144151,143.68465831255918,183.4620111885382,218.3602752692746,247.90512657479525,294.1072781668595,328.37413635994875,382.74938787851494
"InChI=1/C4H4/c1-3-4-2/h1,4H,2H2",[H]C#CC([H])=C([H])[H],290.101824,277.52472,71.88112,87.32008,99.87208,110.0392,125.68736,137.36072,155.854,284.95812839842483,274.98803894012616,72.19684348823773,88.08900584338733,100.97232416747607,110.75454243047875,125.87639222213943,136.90150257458055,155.15879290490903
"InChI=1/C11H24/c1-7-10(3,4)9-11(5,6)8-2/h7-9H2,1-6H3",[H]C([H])([H])C([H])([H])C(C([H])([H])[H])(C([H])([H])[H])C([H])([H])C(C([H])([H])[H])(C([H])([H])[H])C([H])([H])C([H])([H])[H],-279.771528,533.20896,259.24064,331.70752,395.76456,449.27792,531.7864,592.20336,685.5484,-281.80518506945657,528.6790499802402,260.85941285317796,333.66297016377223,397.4791528736993,449.1942882390453,531.4854044988156,591.5397479087683,683.9617900333027
"InChI=1/C6H4/c1-4-6(3)5-2/h1-2H,3H2",[H]C#CC(C#C[H])=C([H])[H],539.284128,316.97984,103.63768,124.18112,139.49456,151.33528,169.07544,182.04584,202.63112,539.21522592917,316.9353316064587,103.7170821145967,124.74450570099907,140.41424025567719,151.44602495714543,169.57121657154352,182.83284710029392,202.68411631963073
"InChI=1/C9H12/c1-5-7-9(3,4)8-6-2/h1-4H3",[H]C([H])([H])C#CC(C#CC([H])([H])[H])(C([H])([H])[H])C([H])([H])[H],310.804256,443.96424,175.14224,214.8484,249.95216,279.65856,326.39384,361.16288,415.30384,312.5370551395129,443.78970398602075,174.71931356293135,214.8009222090464,250.29559254582267,279.5827872288713,326.2224243757362,360.74910461122136,415.06534022089676
"InChI=1/C8H8/c1-4-7-8(5-2)6-3/h2,6,8H,3H2,1H3/t8-/m1/s1",[H]C#C[C@@]([H])(C#CC([H])([H])[H])C([H])=C([H])[H],499.264168,413.92312,143.55304,174.84936,201.08304,222.75616,256.35368,281.1648,319.8668,500.2929308150452,412.6357880097289,143.77234824704018,174.76711594904532,201.14260553406638,222.26905964928514,256.1838436263497,281.594031469861,320.7424425458993
"InChI=1/C6H10/c1-3-5-6-4-2/h3,5-6H,1,4H2,2H3/b6-5+",[H]C([H])=C([H])/C([H])=C(\[H])C([H])([H])C([H])([H])[H],56.814536,357.77384,123.46984,157.19288,186.94112,211.25016,247.60912,273.54992,313.46528,57.516464477891176,355.58587752500057,121.96770616171003,156.69476131302892,186.97522060962436,211.18562696179674,248.18071473630613,274.17743361693965,313.8025629132273
"InChI=1/C7H12/c1-3-5-7-6-4-2/h3,5,7H,1,4,6H2,2H3/b7-5+",[H]C([H])=C([H])/C([H])=C(\[H])C([H])([H])C([H])([H])C([H])([H])[H],35.463584,393.46336,147.23496,186.77376,221.79384,250.6216,294.00968,325.18048,373.12912,36.118659557008954,394.1622910286058,147.18615843283015,186.9300197105199,222.3138630688678,250.6872138855156,294.1491793652367,325.22354957825837,373.0060578371996
"InChI=1/C6H12/c1-3-5-6-4-2/h5-6H,3-4H2,1-2H3/b6-5+",[H]/C(=C(/[H])C([H])([H])C([H])([H])[H])C([H])([H])C([H])([H])[H],-53.023832,380.28376,132.54912,165.56088,195.89488,222.08672,264.09408,295.76696,345.64024,-53.15600265509113,376.9687878004463,131.44924944913905,164.80913168955718,195.1734359414581,220.86743993316895,263.83966555010477,295.7946119160329,345.9990458755847
"InChI=1/C9H14/c1-5-8-9(4,6-2)7-3/h5-8H,2-3H2,1,4H3/b8-5-",[H]C([H])=C([H])C(C([H])=C([H])[H])(/C([H])=C(/[H])C([H])([H])[H])C([H])([H])[H],137.427664,437.35352,193.00792,238.52984,277.23184,309.28128,358.94536,395.8064,453.79664,130.96661286194188,441.32939765154003,192.64790338334961,239.10723532537816,278.555397278442,309.7436454811635,359.4012607023169,395.8427942482689,453.6115058571483
"InChI=1/C6H8/c1-3-5-6-4-2/h3,5H,1-2H3/b5-3+",[H]/C(C#CC([H])([H])[H])=C(/[H])C([H])([H])[H],213.208272,355.38896,112.71696,137.4444,160.20536,179.99568,211.79408,235.64288,272.83864,213.37544662709743,357.7177945111928,111.71754444591195,137.33022457590354,160.35602766864423,180.26972166696987,212.29606759353578,235.9848994815211,273.0107017109829
"InChI=1/C7H12/c1-5-7(3,4)6-2/h1H,6H2,2-4H3",[H]C#CC(C([H])([H])[H])(C([H])([H])[H])C([H])([H])C([H])([H])[H],85.679952,384.04936,155.4356,193.00792,225.05736,251.54208,292.6708,323.29768,371.62288,85.72758775268606,384.86889666394643,156.0155714972536,193.49762960161746,225.39332073015433,250.57700220202577,292.2298497978925,322.92626016903637,371.6019757270054
"InChI=1/C9H10/c1-5-8-9(4,6-2)7-3/h2-3,5,8H,1,4H3/b8-5+",[H]C#CC(C#C[H])(/C([H])=C(\[H])C([H])([H])[H])C([H])([H])[H],477.327456,423.96472,177.77816,214.97392,245.26608,269.90984,307.98424,336.22624,380.78584,479.3328436162301,427.20039887239113,177.82709664581137,214.46303772711298,244.80469772876728,268.6767888844263,307.20434362662223,335.5709866897547,380.4692497972929
"InChI=1/C5H8/c1-3-5-4-2/h1H,4-5H2,2H3",[H]C#CC([H])([H])C([H])([H])C([H])([H])[H],144.879368,327.94192,103.17744,128.28144,149.95456,168.02944,196.39696,217.69352,251.33288,148.28218381535675,329.8406196281499,105.90810811444177,129.72820433748362,151.70797720228276,168.32630560270695,195.85372809401366,216.46757427313162,251.90767954217966
"InChI=1/C8H12/c1-4-6-7-8(3)5-2/h6-7H,1,5H2,2-3H3/b8-7+",[H]C([H])=C=C([H])/C([H])=C(\C([H])([H])[H])C([H])([H])C([H])([H])[H],167.845344,414.96912,161.25136,202.46376,237.6512,266.5208,310.78752,343.33904,394.1328,165.56326214672814,412.893442328158,162.0982494317357,203.6666547373151,239.8164846760664,268.0086202498526,313.0793039808541,345.15330071717153,394.92349991757516
"InChI=1/C3H6/c1-3-2/h3H,1H2,2H3",[H]C([H])=C([H])C([H])([H])[H],17.932624,266.18608,64.0152,79.66336,94.26552,106.98488,127.52832,143.17648,168.11312,16.37698882770195,266.66675950924605,62.919798483128886,79.14142596192983,93.7439005946004,104.9281220818985,125.68098467977984,142.4236701489649,164.26769934195676
"InChI=1/C10H22/c1-8(9(2,3)4)10(5,6)7/h8H,1-7H3",[H]C([H])([H])C([H])(C(C([H])([H])[H])(C([H])([H])[H])C([H])([H])[H])C(C([H])([H])[H])(C([H])([H])[H])C([H])([H])[H],-251.784752,467.64568,236.89808,301.248,358.44328,406.894,482.6244,538.52264,625.00592,-256.1877962834076,468.0418058823047,234.30448943741183,300.9776895540468,359.2579222799339,406.77416823755624,482.8141704530892,538.0446565087248,624.0908055020869
"InChI=1/C6H6/c1-4-6(3)5-2/h1-2,6H,3H3",[H]C#CC([H])(C#C[H])C([H])([H])[H],430.03152,334.55264,113.1772,137.10968,156.0632,171.20928,194.3468,211.5012,238.82272,428.2569046500312,336.7595889250649,112.27619306601244,136.49679227775582,155.6636202103094,170.72656414920232,193.94876984941243,211.0222129780916,237.5731760849656
"InChI=1/C10H22/c1-3-5-7-9-10-8-6-4-2/h3-10H2,1-2H3",[H]C([H])([H])C([H])([H])C([H])([H])C([H])([H])C([H])([H])C([H])([H])C([H])([H])C([H])([H])C([H])([H])C([H])([H])[H],-249.684384,541.49328,252.42072,305.30648,357.14624,403.1284,477.6036,533.96208,622.1608,-248.90111186279572,541.6470002978998,251.66179774287872,306.46997173078967,358.2985037689474,403.1327664795636,478.09776345335416,533.5529271607492,621.3499616435524
"InChI=1/C6H6/c1-3-5-6-4-2/h1,4-6H,2H2/b6-5-",[H]C#C/C([H])=C(/[H])C([H])=C([H])[H],356.275968,324.21816,106.2736,133.59512,156.2724,174.2636,200.12072,217.52616,243.00672,354.1016576466675,324.53695442128225,106.38360700244394,134.87821811156692,157.63759791909044,175.0783214843587,199.86511597483445,216.4688996912265,241.02550842801878
"InChI=1/C8H16/c1-5-6-7-8(2,3)4/h6-7H,5H2,1-4H3/b7-6-",[H]/C(=C(\[H])C(C([H])([H])[H])(C([H])([H])[H])C([H])([H])[H])C([H])([H])C([H])([H])[H],-97.851208,428.10688,175.47696,223.0072,265.4748,301.54088,358.23408,400.4088,466.18128,-97.32641776593081,424.74345836832754,175.85545555340667,224.47952377255484,267.5181947812712,302.9478163022551,359.8838521455657,401.13782254477803,466.49227373339215
"InChI=1/C8H14/c1-5-7-8(3,4)6-2/h5-7H,2H2,1,3-4H3/b7-5-",[H]C([H])=C([H])C(/C([H])=C(/[H])C([H])([H])[H])(C([H])([H])[H])C([H])([H])[H],28.229448,416.5172,179.03336,220.95704,257.27416,287.98472,336.3936,372.66888,429.94784,25.809068761626094,418.9246317796823,176.75419734621798,219.27589109722294,256.7748759808503,287.4877839498489,336.867936218724,373.1631574058113,430.59679535456905
"InChI=1/C6H12/c1-4-5-6(2)3/h4-6H,1-3H3/b5-4+",[H]/C(=C(/[H])C([H])(C([H])([H])[H])C([H])([H])[H])C([H])([H])[H],-61.052928,371.03712,137.48624,169.32648,198.82368,224.4716,265.64216,296.8548,346.14232,-64.06564950177173,370.48249600364966,136.14552128873095,169.2100960969938,199.30798206630868,224.44889482880083,266.5829206354665,297.6921178442515,346.72750804357185
"InChI=1/C8H18/c1-6-7(2)8(3,4)5/h7H,6H2,1-5H3/t7-/m0/s1",[H]C([H])([H])C([H])([H])[C@]([H])(C([H])([H])[H])C(C([H])([H])[H])(C([H])([H])[H])C([H])([H])[H],-227.053128,429.65496,192.38032,243.718,288.94704,327.23064,387.68944,433.00216,504.08832,-223.84716225532767,426.63976722532254,192.98360187298488,244.36377210704939,289.72748810425634,327.4441795294604,389.04641919267243,434.3905404331156,505.9690111676804
"InChI=1/C7H8/c1-4-7(5-2)6-3/h1,5-7H,2-3H2",[H]C#CC([H])(C([H])=C([H])[H])C([H])=C([H])[H],360.72356,373.75672,137.82096,165.64456,189.28416,208.86528,239.3248,261.96024,297.73344,357.8958460714505,376.51572598986434,137.15236937481467,164.76951162887002,188.77649415458615,207.85008450043424,238.24209612064408,261.3532318921428,297.29000114678155
"InChI=1/C8H16/c1-6(2)8(5)7(3)4/h6H,1-5H3",[H]C([H])([H])C(=C(C([H])([H])[H])C([H])(C([H])([H])[H])C([H])([H])[H])C([H])([H])[H],-113.436608,434.7176,169.91224,216.85672,259.74272,296.6456,355.05424,398.40048,465.30264,-110.10690276112555,434.28997369857296,171.98608262469236,218.1049270730711,260.5718791162834,295.8335386368898,353.90465422257785,396.95191430558896,463.5608968118877
"InChI=1/C8H14/c1-4-6-7-8(3)5-2/h4-6,8H,2,7H2,1,3H3/b6-4+/t8-/m0/s1",[H]C([H])=C([H])[C@]([H])(C([H])([H])[H])C([H])([H])/C([H])=C(\[H])C([H])([H])[H],24.175152,438.39952,175.26776,215.97808,252.79728,284.3028,334.13424,371.37184,429.65496,24.51995788082263,440.1425953282499,173.92310467392906,214.63025332063643,252.0818241868985,283.1190465842941,333.7083675625105,371.21987357570026,430.1589654283721
"InChI=1/C6H12/c1-4-5-6(2)3/h4-6H,1-3H3/b5-4-",[H]/C(=C(\[H])C([H])(C([H])([H])[H])C([H])([H])[H])C([H])([H])[H],-57.086496,364.51008,131.46128,167.7784,200.49728,227.86064,269.74248,300.32752,348.02512,-54.131025575233906,367.85169984032274,131.62142789334405,166.8982451331855,198.729857488594,224.99349855209562,268.1425729840346,299.11097791482143,347.7565846429268
"InChI=1/C8H16/c1-4-7-8(5-2)6-3/h5H,4,6-7H2,1-3H3/b8-5+",[H]/C(=C(/C([H])([H])C([H])([H])[H])C([H])([H])C([H])([H])C([H])([H])[H])C([H])([H])[H],-102.118888,446.30728,179.66096,223.92768,264.97272,300.36936,356.64416,398.86072,464.88424,-100.48289148859138,447.1519792447443,179.0219702286473,224.89256383352372,266.5140088314483,301.1076451363484,357.7624902805468,399.36031793176517,464.63437831011777
"InChI=1/C7H16/c1-5-7(3,4)6-2/h5-6H2,1-4H3",[H]C([H])([H])C([H])([H])C(C([H])([H])[H])(C([H])([H])[H])C([H])([H])C([H])([H])[H],-204.1792,404.84384,165.8956,210.78992,251.12368,285.47432,339.57344,379.94904,443.25296,-203.48863680273197,399.8903453781898,169.91953384017262,215.56735872978564,255.85144305861016,288.5633591838333,342.93117909243654,382.8379618266953,445.1980054880777
"InChI=1/C6H10/c1-3-5-6-4-2/h3-6H,1-2H3/b5-3-,6-4+",[H]C(=C(\[H])C([H])([H])[H])/C([H])=C(\[H])C([H])([H])[H],49.274968,354.09192,120.58288,153.21808,183.13368,208.02848,245.22424,271.62528,312.25192,49.25490363718305,346.6564556470705,120.34730502094288,153.5377442748994,183.25136067595278,207.05771689818135,244.76922346264246,271.1198300123671,312.1293181912076
"InChI=1/C7H14/c1-6(2)5-7(3)4/h5-6H,1-4H3",[H]C(=C(C([H])([H])[H])C([H])([H])[H])C([H])(C([H])([H])[H])C([H])([H])[H],-93.257176,398.526,155.77032,196.60616,234.01112,265.8932,315.43176,351.6652,407.7308,-88.62034322877938,400.899253045716,156.5515482093021,196.93867086111172,233.37449494218,264.1895210154105,313.43270511564754,350.0150362444324,407.8572882729843
"InChI=1/C6H8/c1-3-5-6-4-2/h3-6H,1-2H2/b6-5-",[H]C([H])=C([H])/C([H])=C(/[H])C([H])=C([H])[H],171.359904,320.99648,111.75464,146.60736,176.85768,200.45544,232.17016,252.25336,281.41584,173.30935850461634,322.57562192791676,111.33795733324402,147.32112653342276,177.26017258001954,198.87993643269223,230.27977693611115,250.96970262637046,279.8479470055768
"InChI=1/C7H16/c1-4-6-7(3)5-2/h7H,4-6H2,1-3H3/t7-/m0/s1",[H]C([H])([H])C([H])([H])C([H])([H])[C@@]([H])(C([H])([H])[H])C([H])([H])C([H])([H])[H],-194.59784,426.3496,169.2428,211.87776,250.99816,284.84672,338.94584,379.65616,443.46216,-193.33722536303932,422.8546174475704,171.4480395384825,214.19741251237474,253.2672017559091,286.0094307281755,339.81514887390006,380.23373617327036,443.11660012555
"InChI=1/C6H6/c1-3-5-6-4-2/h1,4-6H,2H2/b6-5+",[H]C#C/C([H])=C(\[H])C([H])=C([H])[H],356.798968,329.32264,108.53296,135.64528,157.86232,175.26776,199.9952,216.98224,242.4628,349.482983238343,326.279886593458,108.18410283772434,136.3164597334941,158.8998736112167,176.26192724781612,200.60708857012145,217.3266151240112,241.84860333767642
"InChI=1/C7H12/c1-3-5-7-6-4-2/h3-4,6H,1,5,7H2,2H3/b6-4-",[H]C([H])=C([H])C([H])([H])C([H])([H])/C([H])=C(/[H])C([H])([H])[H],57.23712,410.07384,143.38568,179.15888,212.25432,240.62184,285.18144,318.1932,369.40536,57.55098965550053,410.70269693720695,142.10469698724552,178.67780531310507,212.09571112398697,240.3119968348401,285.18523356016186,318.3403815309075,369.93316753368686
"InChI=1/C8H8/c1-4-6-8(3)7-5-2/h3H2,1-2H3",[H]C([H])=C(C#CC([H])([H])[H])C#CC([H])([H])[H],449.48712,407.27056,139.28536,169.07544,195.1836,217.3588,252.37888,278.4452,318.73712,448.62018321524454,405.58610879220976,139.14774466621347,168.88539354715405,195.5324864094008,217.35017690749743,252.73145168943654,279.1872081498749,319.96014785554706
"InChI=1/C8H12/c1-5-7-8(3,4)6-2/h2,5,7H,1,3-4H3/b7-5+",[H]C#CC(/C([H])=C(\[H])C([H])([H])[H])(C([H])([H])[H])C([H])([H])[H],184.4098,409.86464,172.54816,209.78576,241.96072,269.0312,311.4988,343.38088,393.7144,185.08369338924703,411.4073545714673,171.91217336859728,209.51543159202294,242.08066892488665,268.5949829276673,311.4387295639294,343.3724485738421,394.1679828468836
"InChI=1/C7H10/c1-4-6-7(3)5-2/h2,4,6-7H,1,3H3/b6-4+/t7-/m1/s1",[H]C#C[C@]([H])(/C([H])=C(\[H])C([H])([H])[H])C([H])([H])[H],216.936216,391.204,143.13464,175.22592,202.924,226.18704,262.83888,290.28592,333.54848,219.28336213848885,389.5457601013894,143.2668869336984,174.8386140060773,202.76766439701993,225.71747683101853,262.82512293064195,290.70131905058054,334.6106747589928
"InChI=1/C6H10/c1-4-6(3)5-2/h4-5H,1H2,2-3H3/b6-5+",[H]C([H])=C([H])/C(=C(\[H])C([H])([H])[H])C([H])([H])[H],47.685048,349.28032,121.41968,154.72432,184.26336,208.44688,244.764,270.95584,311.74984,50.20784574477179,356.0817695276402,121.80559765355898,154.52456970397375,183.06428116233414,206.8110943207437,243.27208939993096,269.5021742201048,311.1106991237911
"InChI=1/C6H12/c1-3-5-6-4-2/h3H,1,4-6H2,2H3",[H]C([H])=C([H])C([H])([H])C([H])([H])C([H])([H])C([H])([H])[H],-42.881816,382.58496,135.89632,168.48968,198.69816,224.76448,266.35344,297.60792,346.76992,-43.822875363640975,384.57579594393724,135.13758180784373,168.20230953928035,198.46945702545733,223.7058060899747,265.92769140382427,297.55719707920855,346.5729821644355
"InChI=1/C8H12/c1-4-5-6-7-8(2)3/h4-7H,1H2,2-3H3/b6-5+",[H]C([H])=C([H])/C([H])=C(\[H])C([H])=C(C([H])([H])[H])C([H])([H])[H],98.976704,398.77704,158.19704,202.25456,241.66784,273.92648,320.78728,352.7112,399.94856,102.50806118233614,399.8930801154037,158.30392080971214,203.02393343419018,241.93262726226894,272.37868913384796,318.24928122027654,350.01479834887687,398.23723035058015
"InChI=1/C9H20/c1-6-8(2)7-9(3,4)5/h8H,6-7H2,1-5H3/t8-/m1/s1",[H]C([H])([H])C(C([H])([H])[H])(C([H])([H])[H])C([H])([H])[C@]([H])(C([H])([H])[H])C([H])([H])C([H])([H])[H],-248.583992,471.49496,214.0116,272.33656,324.4692,368.48488,436.97696,487.47784,565.63496,-244.87268614154945,467.63038570491426,214.60185191578543,273.44532367177027,325.2923368019976,368.23160747061155,436.24575426336764,486.61610007721157,564.5496887633623
"InChI=1/C6H10/c1-4-6(3)5-2/h4H,1,3,5H2,2H3",[H]C([H])=C([H])C(=C([H])[H])C([H])([H])C([H])([H])[H],56.810352,352.75304,125.14344,160.41456,189.61888,212.9656,247.94384,273.46624,313.46528,58.94619912548728,359.8227007082877,124.60745549704399,157.98170777350353,186.31935360695104,209.75925368381513,245.07465954980012,270.6178364052008,311.5766930848678
"InChI=1/C7H16/c1-3-5-7-6-4-2/h3-7H2,1-2H3",[H]C([H])([H])C([H])([H])C([H])([H])C([H])([H])C([H])([H])C([H])([H])C([H])([H])[H],-188.953624,424.55048,175.47696,214.26264,251.75128,284.84672,338.4856,379.15408,443.0856,-190.70136397205252,424.87598794100086,174.16414285427146,214.30006448779153,251.89701095717405,283.58129906232557,337.67567125922096,377.8147292023352,441.3587444633008
"InChI=1/C6H8/c1-4-6(3)5-2/h4-5H,1-3H2",[H]C([H])=C([H])C(=C([H])[H])C([H])=C([H])[H],181.765512,338.36008,117.5704,148.532,173.34312,192.79872,221.752,242.79752,276.06032,181.49445445997796,334.4671007915369,117.5524757599926,149.76132495717968,175.75244945476436,195.89705614114362,225.0357297779944,245.10448966096743,277.42944468548694
"InChI=1/C4H8/c1-4(2)3/h1H2,2-3H3",[H]C([H])=C(C([H])([H])[H])C([H])([H])[H],-18.844736,293.38208,87.82216,109.11872,128.61616,145.56136,173.0084,193.9284,227.14936,-3.31619852512722,292.327850609229,85.84738395777697,108.725394800435,129.80287694591914,145.97835371982137,173.60679921090627,193.54518200883473,231.20216242262876
"InChI=1/C4H8/c1-3-4-2/h3-4H,1-2H3/b4-3-",[H]/C(=C(\[H])C([H])([H])[H])C([H])([H])[H],0.18828,297.81712,82.67584,103.42848,123.46984,141.25184,170.03776,191.87824,226.22888,-6.967647071335733,297.7486467146119,82.998756208978,103.45739345106259,124.2990509795851,141.37928902631506,171.1077353351899,191.2225397304132,225.32843609345724
"InChI=1/C7H14/c1-5-7(4)6(2)3/h6H,4-5H2,1-3H3",[H]C([H])=C(C([H])([H])C([H])([H])[H])C([H])(C([H])([H])[H])C([H])([H])[H],-80.721912,405.30408,154.808,195.30912,232.04464,263.29912,312.50296,349.1548,406.43376,-79.83657483366969,404.16577042907306,155.51208924648887,196.61643760277687,233.11337237878294,262.32616874751096,310.5830294757967,346.6208274213791,402.8017845942718
"InChI=1/C7H10/c1-3-5-7-6-4-2/h3,5H,7H2,1-2H3/b5-3-",[H]/C(=C(\[H])C([H])([H])C#CC([H])([H])[H])C([H])([H])[H],209.05356,399.27912,131.62864,162.59024,191.2088,215.97808,255.55872,285.22328,331.28912,211.11993191221637,399.11237575015696,130.96945774157632,162.86011804815257,192.20515950180433,216.73427988255958,257.275791281599,286.95443006651124,332.93746964883644
InChI=1/C2H6/c1-2/h1-2H3,[H]C([H])([H])C([H])([H])[H],-87.123432,229.2832,52.42552,64.81016,77.02744,88.11504,106.65016,121.25232,144.80824,-85.35292013762032,228.87300675981749,50.902377541800604,63.91302675986907,75.48222941213407,86.9541955949457,105.80820437766079,119.11707656254936,144.94946890251703
"InChI=1/C6H10/c1-4-6(3)5-2/h4-6H,1-2H2,3H3",[H]C([H])=C([H])C([H])(C([H])=C([H])[H])C([H])([H])[H],78.504392,367.27152,122.96776,154.01304,181.46008,204.55576,240.70552,267.65048,309.99256,77.59282270216562,364.1057409504897,125.45824867815352,156.60189367312393,183.49054250066834,205.71417674832722,240.9813187462488,267.6472006187001,309.17482774740733
"InChI=1/C7H12/c1-4-7(5-2)6-3/h4-5,7H,1-2,6H2,3H3",[H]C([H])=C([H])C([H])(C([H])=C([H])[H])C([H])([H])C([H])([H])[H],57.002816,399.69752,152.42312,187.73608,219.36712,246.31208,288.73784,320.45256,370.24216,56.47742917634871,399.8455798336424,151.8937080187252,188.66429782150846,220.61336139255414,246.72211682435406,289.17024369670753,320.7676808612056,370.2305337922556
"InChI=1/C7H14/c1-3-5-7-6-4-2/h5,7H,3-4,6H2,1-2H3/b7-5+",[H]/C(=C(/[H])C([H])([H])C([H])([H])C([H])([H])[H])C([H])([H])C([H])([H])[H],-74.1614,419.36232,156.60712,195.35096,230.91496,261.62552,310.62016,347.4812,405.34592,-73.94942163441439,421.3722321043384,156.66717785075346,195.22881645669955,230.91678782357135,261.012137582524,310.31197541393556,347.34581412673924,405.52379301175796
"InChI=1/C5H10/c1-4-5(2)3/h4H,1-3H3",[H]C(=C(C([H])([H])[H])C([H])([H])[H])C([H])([H])[H],-43.97384,335.59864,107.15224,133.0512,157.82048,179.78648,215.476,242.63016,285.30696,-44.86313963779517,336.57436306992383,106.55246760644619,133.40600052382084,157.97380780033478,181.05869072691746,216.29778363478903,243.4253208750709,285.31866223648296
"InChI=1/C11H24/c1-9(2)11(6,7)8-10(3,4)5/h9H,8H2,1-7H3",[H]C([H])([H])C([H])(C([H])([H])[H])C(C([H])([H])[H])(C([H])([H])[H])C([H])([H])C(C([H])([H])[H])(C([H])([H])[H])C([H])([H])[H],-284.725384,507.81208,260.91424,331.07992,393.296,445.88888,528.39736,589.7348,685.46472,-287.99455158672004,513.9440755073723,259.57556330898416,332.8562660895546,396.62469719018003,448.2621365627954,530.6264943604815,590.9688070718587,683.947232673502
"InChI=1/C7H14/c1-5-7(4)6(2)3/h5H2,1-4H3",[H]C([H])([H])C(=C(C([H])([H])[H])C([H])([H])C([H])([H])[H])C([H])([H])[H],-88.880712,407.43792,147.65336,186.6064,223.17456,255.05664,306.18512,344.46872,404.00704,-87.83663309149506,407.014419966147,148.17382707423315,187.28211654318244,223.83771680301692,254.27194051217273,305.4869402395907,343.78422878785807,402.97453193057373
"InChI=1/C5H6/c1-3-5-4-2/h1,4-5H,2H3/b5-4+",[H]C#C/C([H])=C(\[H])C([H])([H])[H],255.445752,312.79584,95.10232,115.22736,132.54912,147.15128,170.16328,187.48504,214.72288,256.0640951571829,313.7541380241752,94.01669234116375,114.67705570682887,132.8597384236724,146.99337656758274,170.43898371970096,187.01756586170552,215.7304419789687
"InChI=1/C7H10/c1-4-7(5-2)6-3/h4-6H,1-2H2,3H3",[H]C([H])=C([H])C(C([H])=C([H])[H])=C([H])C([H])([H])[H],154.372864,377.1876,137.94648,175.14224,205.68544,229.9108,266.3116,293.00552,334.9292,148.7067348457507,374.6543586598868,138.9328999611558,175.49680087178538,206.19815165874127,229.92195554552697,267.21265138097607,293.9031043543206,335.2828880809472
"InChI=1/C9H10/c1-4-7-9(6-3)8-5-2/h6H,1-3H3",[H]C(=C(C#CC([H])([H])[H])C#CC([H])([H])[H])C([H])([H])[H],412.16584,444.38264,160.8748,195.05808,226.10336,252.96464,295.89248,327.90008,377.31312,411.42750020487256,446.0888711892827,159.98260243298782,194.73058583881263,226.01379371083303,251.94624699834566,295.0689137015406,327.100953332038,376.9233938447444
"InChI=1/C8H16/c1-5-7-8(3,4)6-2/h5,7H,6H2,1-4H3/b7-5-",[H]/C(=C(\[H])C(C([H])([H])[H])(C([H])([H])[H])C([H])([H])C([H])([H])[H])C([H])([H])[H],-94.826176,433.71344,181.1672,226.60544,268.06888,303.46552,359.36376,400.95272,466.01392,-90.54991161813015,434.55983967048417,181.96345384733064,226.72654190978412,267.52123871159966,301.91848914210425,358.0492042331183,399.57789040980174,465.29462884932434
"InChI=1/C5H8/c1-3-5-4-2/h3H2,1-2H3",[H]C([H])([H])C#CC([H])([H])C([H])([H])[H],126.135048,333.54848,99.03528,122.1728,143.46936,162.00448,191.79456,214.38816,249.82664,128.69208162714466,333.6384123064064,98.38823784687852,121.9220312465257,143.79326954191862,161.85971655018756,191.4554666304918,213.74363617767546,249.48319583071589
"InChI=1/C9H10/c1-5-8-9(4,6-2)7-3/h2,7H,3H2,1,4H3/t9-/m0/s1",[H]C#C[C@](C#CC([H])([H])[H])(C([H])=C([H])[H])C([H])([H])[H],465.997184,433.96448,172.00424,209.49288,240.62184,266.1024,305.432,334.55264,380.15824,465.49650023082756,433.8437066581455,171.93567473669995,209.30741699036452,240.6209488030962,265.31650554232635,304.98076042272584,333.884018328146,379.960514635604
"InChI=1/C6H12/c1-3-5-6-4-2/h5-6H,3-4H2,1-2H3/b6-5-",[H]/C(=C(\[H])C([H])([H])C([H])([H])[H])C([H])([H])C([H])([H])[H],-48.321016,369.27984,127.57016,163.176,195.56016,223.04904,266.01872,297.81712,347.14648,-47.58864277941598,369.8562411816677,126.27632911901858,162.74979827279964,195.65306604365358,221.7437566028137,265.710908792828,297.5748183428546,345.73582504326964
"InChI=1/C7H12/c1-5-7(3,4)6-2/h5-6H,1-2H2,3-4H3",[H]C([H])=C([H])C(C([H])=C([H])[H])(C([H])([H])[H])C([H])([H])[H],46.915192,378.98672,149.61984,187.77792,220.95704,248.5296,291.03904,322.29352,371.24632,46.9956124766606,380.70929825229166,149.9969366098427,188.7308294463784,222.21381330048004,247.95227500871715,290.5046543645635,321.9110069008974,370.88195088592323
"InChI=1/C9H16/c1-5-7-9(3,4)8-6-2/h5-8H,1-4H3/b7-5-,8-6-",[H]/C(=C(\[H])C(/C([H])=C(/[H])C([H])([H])[H])(C([H])([H])[H])C([H])([H])[H])C([H])([H])[H],5.363888,440.86808,204.13736,251.54208,292.83816,327.73272,382.75232,424.09024,489.36064,1.9334190276179015,442.9450278064089,202.75800276602794,249.61112795150888,292.4784234747631,327.91740118321616,382.2878650437181,424.64122372574377,489.49028783554695
"InChI=1/C6H10/c1-3-5-6-4-2/h3-4,6H,1,5H2,2H3/b6-4+",[H]C([H])=C([H])C([H])([H])/C([H])=C(\[H])C([H])([H])[H],74.609088,367.81544,125.52,153.3436,179.53544,202.33824,238.86456,266.35344,309.44864,75.73132800105734,371.3383425329582,125.03106220012097,153.31372569371317,179.64905798919426,202.36795677718465,239.39001310455063,266.9732764950722,310.33137532319415
"InChI=1/C9H8/c1-4-7-9(6-3)8-5-2/h3,9H,1-2H3",[H]C#CC([H])(C#CC([H])([H])[H])C#CC([H])([H])[H],645.892448,439.5292,157.19288,188.6984,215.64336,238.32064,274.09384,300.74592,342.08384,649.1754586697443,441.0825139904456,156.14918732506715,187.56986326790604,214.8362593599787,237.1063344865029,273.6701657334853,301.0036919468509,342.9672726862846
"InChI=1/C9H8/c1-5-9(6-2,7-3)8-4/h1-3H,8H2,4H3",[H]C#CC(C#C[H])(C#C[H])C([H])([H])C([H])([H])[H],676.435648,406.01536,170.03776,205.14152,232.29568,253.80144,286.01824,309.49048,346.18416,677.5792132278156,403.88676412393545,170.48327563602294,206.55623636580617,233.77190559780234,254.22219244700986,286.7683530053609,309.16298273147675,345.08722039190366
"InChI=1/C11H24/c1-7-11(8-2,9-3)10(4,5)6/h7-9H2,1-6H3",[H]C([H])([H])C([H])([H])C(C([H])([H])C([H])([H])[H])(C([H])([H])C([H])([H])[H])C(C([H])([H])[H])(C([H])([H])[H])C([H])([H])[H],-257.667456,488.31464,272.42024,344.3432,406.6848,458.65008,539.15024,598.43752,690.02528,-260.3031453655374,484.2538855519376,273.7533929879358,346.0209085011658,409.5777733209475,461.42549616281354,539.1997349881049,597.3520418574792,688.484415119582
"InChI=1/C9H8/c1-5-8-9(4,6-2)7-3/h2-3H,1,4H3",[H]C#CC(C#C[H])(C#CC([H])([H])[H])C([H])([H])[H],656.348264,419.19496,165.77008,199.1584,225.97784,247.6928,281.03928,305.68304,344.21768,654.9101215984458,421.9974456225351,164.3206930499917,198.45402678578688,225.98812026926694,247.34129826144516,281.129579579753,305.6802767617807,344.2808813004656
"InChI=1/C7H14/c1-4-7(5-2)6-3/h4H,5-6H2,1-3H3",[H]C(=C(C([H])([H])C([H])([H])[H])C([H])([H])C([H])([H])[H])C([H])([H])[H],-80.68844,409.73912,154.76616,193.21712,229.03216,260.0356,309.57416,346.72808,404.96936,-80.98365391945643,406.6885444724512,156.16843952940144,196.15826334896335,231.5408157593782,260.8017576689241,309.9323481310985,346.09278425088655,402.8690851501941
"InChI=1/C9H8/c1-5-9(6-2,7-3)8-4/h1-2,7-8H,3-4H2",[H]C#CC(C#C[H])(C([H])=C([H])[H])C([H])=C([H])[H],624.512208,405.30408,174.22176,207.02432,232.88144,253.46672,284.88856,308.10976,345.05448,624.2734133326442,407.4493062924766,172.9829480863064,206.8578983836343,232.74543452301987,252.7433319802163,285.5891162400335,308.41701023961434,346.2143363531818
"InChI=1/C7H12/c1-4-6-7(3)5-2/h4-5,7H,1-2,6H2,3H3/t7-/m0/s1",[H]C([H])=C([H])C([H])([H])[C@]([H])(C([H])=C([H])[H])C([H])([H])[H],55.429632,403.50496,152.25576,188.0708,220.03656,247.10704,289.57464,321.16384,370.7024,55.85486909014058,404.8698390430104,150.68944844057887,187.44464419606695,220.31012372012333,247.44589220522886,290.51132459874805,322.6002243102354,372.5635140992577
"InChI=1/C8H12/c1-4-5-6-7-8(2)3/h4-7H,2H2,1,3H3/b5-4+,7-6+",[H]C([H])=C(/C([H])=C([H])/C([H])=C(\[H])C([H])([H])[H])C([H])([H])[H],97.616904,404.63464,163.21784,207.7356,245.72632,276.144,320.57808,351.83256,399.23728,99.22135705728822,407.03732864942333,161.71666870456,204.8268597056243,242.37002005384815,272.4115078931244,317.8825699363604,349.9491731606406,399.64107478959386
"InChI=1/C7H14/c1-4-5-6-7(2)3/h5-7H,4H2,1-3H3/b6-5+",[H]/C(=C(/[H])C([H])(C([H])([H])[H])C([H])([H])[H])C([H])([H])C([H])([H])[H],-80.998056,413.83944,160.33088,198.44712,233.38352,263.50832,311.708,348.1088,405.51328,-82.3876126977718,411.89125580324594,158.70214894562434,198.44233014181643,234.41971840526344,264.62528261703994,313.46899725346043,350.0864219036195,407.6290447160544
"InChI=1/C5H8/c1-4-5(2)3/h4H,1-2H2,3H3",[H]C([H])=C([H])C(=C([H])[H])C([H])([H])[H],74.41244,314.55312,102.88456,131.75416,155.60296,174.38912,201.96168,221.91936,253.38304,76.14308265933995,321.112369226962,102.16001097629578,129.3316881068857,152.27801425708088,172.2352886724472,199.61804443679125,220.4461055580909,253.3015814034792
"InChI=1/C10H22/c1-7-10(6,8(2)3)9(4)5/h8-9H,7H2,1-6H3",[H]C([H])([H])C([H])([H])C(C([H])([H])[H])(C([H])(C([H])([H])[H])C([H])([H])[H])C([H])(C([H])([H])[H])C([H])([H])[H],-252.04416,482.66624,246.73048,308.7792,364.8448,413.17,489.3188,544.88232,628.8552,-248.73735736644963,480.06987435153883,246.75115595496868,312.7124682970509,369.8150405849377,416.4080782478903,490.14045248888357,543.8471393898392,627.5320366204213
"InChI=1/C7H10/c1-4-5-6-7(2)3/h5-6H,1H2,2-3H3",[H]C([H])=C=C([H])C([H])=C(C([H])([H])[H])C([H])([H])[H],186.535272,373.12912,140.54056,175.35144,204.97416,229.15768,265.97688,292.96368,335.18024,189.35555742376172,375.6252114072596,138.2039500959124,172.35571354877752,202.48973356140758,226.6291738477967,264.8083957884185,292.3253980228411,335.0827293351702
"InChI=1/C8H18/c1-5-8(4,6-2)7-3/h5-7H2,1-4H3",[H]C([H])([H])C([H])([H])C(C([H])([H])[H])(C([H])([H])C([H])([H])[H])C([H])([H])C([H])([H])[H],-221.910992,432.12352,199.95336,253.88512,298.7376,335.47312,392.71024,435.88912,504.63224,-217.21575626462734,424.6506981856762,200.2124044224119,252.78098344885356,299.0182022477604,336.50737537393775,395.6032897152844,439.94446706415806,508.37905635493365
"InChI=1/C8H16/c1-5-6-8(4)7(2)3/h5-6H2,1-4H3",[H]C([H])([H])C(=C(C([H])([H])[H])C([H])([H])C([H])([H])C([H])([H])[H])C([H])([H])[H],-110.240032,443.12744,174.34728,218.32112,259.6172,295.68328,353.3388,396.60136,463.92192,-109.81442355731369,445.18696537436017,174.05420301772915,218.14429649138748,259.5033484786411,294.4486199663559,352.511727409376,396.01489469012733,463.3330691795235
"InChI=1/C7H10/c1-4-5-6-7(2)3/h4-5H,1H2,2-3H3",[H]C(=C=C(C([H])([H])[H])C([H])([H])[H])C([H])=C([H])[H],187.744448,372.96176,140.7916,174.93304,204.43024,228.8648,266.3116,293.63312,335.89152,190.10991871841065,373.35150881474704,139.79574214089632,174.55226902202003,204.79181141004688,228.97234195601442,266.40797858435474,293.4148407192141,335.38270997672356
"InChI=1/C11H24/c1-7-11(6,8-2)9-10(3,4)5/h7-9H2,1-6H3",[H]C([H])([H])C([H])([H])C(C([H])([H])[H])(C([H])([H])C([H])([H])[H])C([H])([H])C(C([H])([H])[H])(C([H])([H])[H])C([H])([H])[H],-281.767296,514.54832,264.26144,340.03368,405.05304,457.9388,537.81136,596.05264,686.84544,-279.92135725015874,518.1960133728762,263.5152111490978,337.5482611009247,401.70270618757087,453.90495319955795,535.6327476699208,594.5539908002175,685.6779443063541
"InChI=1/C8H16/c1-4-7-8(5-2)6-3/h5H,4,6-7H2,1-3H3/b8-5-",[H]/C(=C(\C([H])([H])C([H])([H])[H])C([H])([H])C([H])([H])C([H])([H])[H])C([H])([H])[H],-102.583312,445.84704,179.99568,224.0532,264.97272,300.36936,356.64416,398.86072,464.88424,-100.80188720080756,446.5989207161142,177.25722848713056,223.48322034864412,265.44221207878195,300.1941093560095,357.30859600391454,399.067162637241,464.54226092177333
"InChI=1/C7H10/c1-3-5-7-6-4-2/h3-7H,1H2,2H3/b6-4-,7-5-",[H]C([H])=C([H])/C([H])=C([H])\C([H])=C(\[H])C([H])([H])[H],143.423336,362.92016,132.0052,171.46032,206.64776,235.01528,274.93064,301.28984,339.95,144.51620784048785,364.1072976470576,131.8196542935266,173.25719060907073,208.66271317520636,235.49037834484932,274.3635972154569,299.9932305749011,338.5722968298225
"InChI=1/C6H10/c1-5-6(2,3)4/h1H,2-4H3",[H]C#CC(C([H])([H])[H])(C([H])([H])[H])C([H])([H])[H],105.993272,337.48144,131.67048,163.55256,190.33016,212.29616,246.27024,271.62528,311.9172,104.25210761010831,340.0216465831193,131.50268413871993,163.89489971750572,190.54377344113504,212.02663937107607,246.6992254046819,272.5139319526262,313.75126555012
InChI=1/C6H12/c1-5(2)6(3)4/h1-4H3,[H]C([H])([H])C(=C(C([H])([H])[H])C([H])([H])[H])C([H])([H])[H],-68.517184,362.7528,122.46568,154.5988,185.5604,212.92376,257.27416,290.74616,343.00432,-68.0572874335804,363.2372935935571,121.71421152867669,154.2939230245376,185.7475168561193,211.93594394358564,257.04494054032267,291.32905745136367,343.7661251355394
"InChI=1/C7H6/c1-4-7(5-2)6-3/h1-2,6H,3H3",[H]C#CC(C#C[H])=C([H])C([H])([H])[H],500.527736,358.06672,125.56184,150.49848,170.66536,187.15032,212.67272,231.54256,261.16528,497.3245143186557,358.4368200340461,124.9788644246508,150.8068007010201,171.28409304338092,186.6523616520974,212.46464260292595,231.46488392718402,260.53708437273013
InChI=1/C2H2/c1-2/h1-2H,[H]C#C[H],229.776912,200.12072,43.22072,49.49672,53.93176,57.3208,62.5508,66.81848,74.43336,228.42599867511888,199.15970827492538,43.50289539703212,49.56256280134829,52.79032871203361,56.757665329576014,62.07260064199244,66.09501710985853,75.45667362394147
"InChI=1/C5H8/c1-3-5-4-2/h3-5H,1H2,2H3/b5-4-",[H]C([H])=C([H])/C([H])=C(/[H])C([H])([H])[H],81.885064,316.3104,97.52904,125.68736,150.79136,171.08376,200.66464,221.37544,253.21568,85.13361959220677,314.33179866951025,97.78766511439173,126.48730565259467,151.40291761534877,170.53031101219983,200.53574738359356,222.33343295504244,253.47904255152605
"InChI=1/C6H10/c1-3-5-6-4-2/h3-6H,1-2H3/b5-3-,6-4-",[H]C(/C([H])=C(/[H])C([H])([H])[H])=C(\[H])C([H])([H])[H],54.626304,347.23016,117.44488,150.2056,180.20488,205.2252,243.04856,270.11904,311.66616,53.85865945744577,345.35278538076665,118.13382539200654,151.83163093994762,181.79736181007172,205.51789824906868,243.22248711299528,269.67502233370897,310.3265030639955
"InChI=1/C8H12/c1-3-5-7-8-6-4-2/h3,5-8H,1,4H2,2H3/b7-5+,8-6+",[H]C([H])=C([H])/C([H])=C([H])/C([H])=C(\[H])C([H])([H])C([H])([H])[H],111.507784,402.12424,159.24304,204.55576,243.9272,275.60008,321.5404,353.25512,400.57616,113.41207998556627,405.14613164737426,158.64114725207236,205.17241198749386,245.71123350491393,276.9525437448806,322.77357979063925,353.8211442292794,400.4282417391447
"InChI=1/C8H18/c1-5-8(4)6-7(2)3/h7-8H,5-6H2,1-4H3/t8-/m0/s1",[H]C([H])([H])C([H])(C([H])([H])[H])C([H])([H])[C@@]([H])(C([H])([H])[H])C([H])([H])C([H])([H])[H],-223.350288,451.0352,195.72752,246.39576,291.37376,329.57368,389.78144,434.7176,504.96696,-222.15658427505778,451.7576974417458,195.17285253728286,245.426811382947,290.5732119292421,328.44101763966296,389.25537185831354,434.6973237444614,505.82171445361513
"InChI=1/C8H8/c1-4-7-8(5-2)6-3/h2,6H,1,3H3/b8-6-",[H]C#C/C(C#CC([H])([H])[H])=C(\[H])C([H])([H])[H],455.608312,398.65152,143.13464,172.75736,198.40528,220.0784,254.26168,279.7004,319.2392,456.7619395735363,401.22771602154495,142.8289611307991,173.51071072560464,199.4113868235986,220.00971379717927,254.21139473949978,279.7329405541722,319.2478077159651
"InChI=1/C9H20/c1-8(2)6-7-9(3,4)5/h8H,6-7H2,1-5H3",[H]C([H])([H])C([H])(C([H])([H])[H])C([H])([H])C([H])([H])C(C([H])([H])[H])(C([H])([H])[H])C([H])([H])[H],-258.985416,462.24832,212.88192,271.49976,323.67424,367.64808,436.30752,487.18496,566.59728,-256.1427393802379,465.45892021132113,215.4476137668507,273.1716639765904,324.21624633009054,366.70419730525157,434.7318839767023,485.5893258671709,564.9133751842339
"InChI=1/C9H10/c1-5-9(6-2,7-3)8-4/h1,6-8H,2-4H2",[H]C#CC(C([H])=C([H])[H])(C([H])=C([H])[H])C([H])=C([H])[H],440.734192,417.85608,174.97488,213.5932,244.68032,269.70064,307.90056,336.05888,380.57664,441.7457824808607,416.49800478581267,173.43404338650168,213.03213899834503,244.48155230761884,269.2075321348118,308.56743630147156,336.93334656589536,381.52502479258163
"InChI=1/C7H14/c1-3-5-7-6-4-2/h5,7H,3-4,6H2,1-2H3/b7-5-",[H]/C(=C(\[H])C([H])([H])C([H])([H])C([H])([H])[H])C([H])([H])C([H])([H])[H],-69.625944,414.67624,151.29344,192.71504,230.37104,262.42048,312.50296,349.53136,406.894,-70.34166265760877,414.3670975487456,151.67670962792187,193.40576453119564,231.21207128390296,262.0491621873738,312.09565667336403,348.6007981446549,405.5590079583235
InChI=1/C3H4/c1-3-2/h1-2H2,[H]C([H])=C=C([H])[H],186.932752,248.5296,58.40864,71.128,82.0064,91.08568,105.26944,115.98048,133.13488,193.4327839382531,245.7102578747669,58.094101771769004,71.15187548605752,82.6511963604915,92.28359181250528,106.19504764111565,117.93684272667701,133.9644653909612
"InChI=1/C11H24/c1-8(2)11(7,9(3)4)10(5)6/h8-10H,1-7H3",[H]C([H])([H])C([H])(C([H])([H])[H])C(C([H])([H])[H])(C([H])(C([H])([H])[H])C([H])([H])[H])C([H])(C([H])([H])[H])C([H])([H])[H],-257.843184,491.36896,272.1692,346.30968,410.32488,462.70856,542.0372,599.73456,689.35584,-262.03347369173935,493.5926449996875,271.44036723896943,345.48455239376574,409.20557507364805,460.81457014005355,540.9741764572256,599.0619161625738,690.0965387363705
"InChI=1/C7H14/c1-3-5-7-6-4-2/h3,5H,4,6-7H2,1-2H3/b5-3-",[H]/C(=C(\[H])C([H])([H])C([H])([H])C([H])([H])C([H])([H])[H])C([H])([H])[H],-69.78912,417.5632,154.3896,193.17528,229.4924,260.95608,310.91304,348.15064,406.09904,-69.48773016473427,418.6264612776073,154.88263093153535,193.8505711919001,230.19464312622767,260.64557689641686,310.8211265169371,347.99832765037286,405.5114341103762
"InChI=1/C7H14/c1-5-6-7(2,3)4/h5-6H,1-4H3/b6-5+",[H]/C(=C(/[H])C(C([H])([H])[H])(C([H])([H])[H])C([H])([H])[H])C([H])([H])[H],-94.22368,386.55976,159.07568,199.49312,235.68472,266.39528,314.6368,350.6192,406.97768,-91.93806466921373,389.41436649648176,158.78125324098426,199.26536542310154,235.34439556179842,265.8248412395274,314.2820381620587,350.1117407877397,407.3349662421481
"InChI=1/C10H22/c1-6-10(5,7-2)8-9(3)4/h9H,6-8H2,1-5H3",[H]C([H])([H])C([H])([H])C(C([H])([H])[H])(C([H])([H])C([H])([H])[H])C([H])([H])C([H])(C([H])([H])[H])C([H])([H])[H],-262.031368,500.86664,243.67616,309.4068,366.05816,413.21184,486.5992,541.11672,626.05192,-259.56989635535774,503.2874672326865,243.67425570704594,309.56185656395286,366.65994986464557,413.9982232577772,488.54313795156065,542.4671391334452,626.1904620306776
"InChI=1/C8H14/c1-3-5-7-8-6-4-2/h3-6H,7-8H2,1-2H3/b5-3-,6-4-",[H]/C(=C(\[H])C([H])([H])C([H])([H])/C([H])=C(/[H])C([H])([H])[H])C([H])([H])[H],30.869552,439.86392,162.00448,203.88632,243.13224,276.85528,329.78288,368.77776,428.77632,31.728110137654937,439.9544979990342,162.3068950143093,204.1552588315533,243.2215206809172,277.07232968001415,329.2076573657639,367.6713215147521,428.4327992568455
"InChI=1/C6H14/c1-4-5-6(2)3/h6H,4-5H2,1-3H3",[H]C([H])([H])C([H])([H])C([H])([H])C([H])(C([H])([H])[H])C([H])([H])[H],-176.64848,381.32976,147.31864,184.76544,218.57216,247.56728,293.926,328.90424,384.0912,-179.2023148830065,382.10613891182896,146.5251369801585,184.15802648613482,218.15803165018744,245.95913139568833,293.6716512361189,329.28437573287795,384.5070058695838
"InChI=1/C10H22/c1-7-8-10(5,6)9(2,3)4/h7-8H2,1-6H3",[H]C([H])([H])C([H])([H])C([H])([H])C(C([H])([H])[H])(C([H])([H])[H])C(C([H])([H])[H])(C([H])([H])[H])C([H])([H])[H],-267.663032,482.95912,242.37912,306.51984,361.99968,408.60944,482.33152,537.8532,625.13144,-263.9817289759018,482.12115866280135,242.24961987117942,305.5586035799008,361.665229577675,407.684704931122,481.9383289106533,537.6511793840094,623.8415082397581
"InChI=1/C7H14/c1-5-6-7(2,3)4/h5-6H,1-4H3/b6-5-",[H]/C(=C(\[H])C(C([H])([H])[H])(C([H])([H])[H])C([H])([H])[H])C([H])([H])[H],-76.521176,392.54288,152.88336,193.46816,229.95264,261.03976,310.20176,347.0628,404.88568,-70.42363757247944,389.9948880976714,154.85473488035709,194.85110768696202,230.93461814538597,261.54243699342936,310.7561220528845,346.8484764754447,404.6961823496723
"InChI=1/C6H10/c1-3-5-6-4-2/h3-4H2,1-2H3",[H]C([H])([H])C([H])([H])C#CC([H])([H])C([H])([H])[H],106.809152,366.26736,119.6624,149.95456,177.1924,200.49728,237.60936,265.43296,309.07208,106.93836908651375,369.05609914576223,119.2629533518778,149.95641755216602,176.93856023327012,199.7576480264175,236.97851121212904,264.2203831120048,307.6483449792969
"InChI=1/C8H10/c1-4-6-8(3)7-5-2/h8H,1-3H3",[H]C([H])([H])C#CC([H])(C#CC([H])([H])[H])C([H])([H])[H],344.288808,425.68016,148.90856,182.004,211.75224,237.2328,277.73392,307.98424,355.0124,347.1447448305762,425.5450308821603,148.2736533189294,181.84727092231742,212.15848940970307,237.51892766726758,278.22708781285945,308.6675992222452,356.0913168216199
"InChI=1/C6H12/c1-3-5-6-4-2/h3,5H,4,6H2,1-2H3/b5-3-",[H]/C(=C(\[H])C([H])([H])C([H])([H])C([H])([H])[H])C([H])([H])[H],-49.463248,378.652,128.78352,162.7576,194.3468,221.50096,264.51248,296.56192,346.4352,-49.34036011239721,379.01439227287995,129.24765874759584,162.87296579041853,193.9072720171604,219.77683756249886,263.2876127135983,295.40655328740735,345.18284343015927
"InChI=1/C6H4/c1-3-5-6-4-2/h1,4H,2H2",[H]C#CC#CC([H])=C([H])[H],517.924808,324.6784,101.33648,120.7084,135.93816,148.19728,166.9416,180.7488,202.2964,520.2041753480983,323.51125967455073,101.09352907814716,121.28445275352746,136.60430597096538,147.96645024390426,167.28732838676996,180.21161191465131,201.66145684214712
"InChI=1/C6H14/c1-5(2)6(3)4/h5-6H,1-4H3",[H]C([H])([H])C([H])(C([H])([H])[H])C([H])(C([H])([H])[H])C([H])([H])[H],-180.41408,368.6104,143.00912,181.1672,215.476,244.80584,291.66664,327.06328,382.96152,-183.12473968176707,369.3856770529168,142.74153313107095,181.57952917200356,215.96923466855347,244.0890961733303,291.03160286513923,325.7710492066822,381.01288301064005
"InChI=1/C8H18/c1-5-7(3)8(4)6-2/h7-8H,5-6H2,1-4H3/t7-,8+",[H]C([H])([H])C([H])([H])[C@]([H])(C([H])([H])[H])[C@]([H])(C([H])([H])[H])C([H])([H])C([H])([H])[H],-216.488528,455.76312,194.43048,243.9272,288.11024,325.9336,386.35056,431.91432,503.5444,-212.35898672528353,445.69206081954655,194.95068821107617,244.67156093838582,289.31822389512854,326.79874815739936,387.6376202540361,432.89986988986664,504.195627654977
InChI=1/C4H2/c1-3-4-2/h1-2H,[H]C#CC#C[H],462.754584,247.60912,71.83928,82.71768,90.08152,95.56256,103.93056,110.29024,120.83392,460.8816511014933,247.8773057159376,71.01006077887862,83.1485847895934,90.10784805259408,95.08158125774372,104.67890341097831,111.00585767267239,120.5494721189284
"InChI=1/C8H16/c1-5-7(3)8(4)6-2/h5-6H2,1-4H3/b8-7+",[H]C([H])([H])/C(=C(/C([H])([H])[H])C([H])([H])C([H])([H])[H])C([H])([H])C([H])([H])[H],-109.11872,436.3912,172.59,218.27928,260.41216,296.8548,354.8032,397.98208,464.96792,-109.15543379289258,437.8273457665262,171.4696346036617,218.28061809194773,260.95853603264317,296.7011940961072,355.0955335784819,397.97411752245625,464.1314462864175
"InChI=1/C9H12/c1-5-7-9(3,4)8-6-2/h7-8H,1-2H2,3-4H3",[H]C([H])=C=C([H])C(C([H])=C=C([H])[H])(C([H])([H])[H])C([H])([H])[H],324.209792,427.77216,183.17552,223.6348,258.44568,287.39896,332.2096,365.43056,417.354,326.9830666070375,426.87513343545845,182.91449527912715,223.90070699093192,259.104193673159,287.16006555882046,332.06964261960974,365.31605356014893,415.578828806194
InChI=1/C6H6/c1-3-5-6-4-2/h1-2H3,[H]C([H])([H])C#CC#CC([H])([H])[H],369.610376,335.5568,106.85936,127.10992,145.35216,161.25136,187.06664,206.56408,236.93992,370.79048715838235,335.27874976018086,106.45523160541697,127.45025507508808,145.68766069276828,160.84829514277953,187.322983679976,206.99712213441478,237.00633031966407
"InChI=1/C9H20/c1-3-5-7-9-8-6-4-2/h3-9H2,1-2H3",[H]C([H])([H])C([H])([H])C([H])([H])C([H])([H])C([H])([H])C([H])([H])C([H])([H])C([H])([H])C([H])([H])[H],-229.475664,502.20552,227.06568,275.26536,322.25168,363.92432,431.3704,482.45704,562.49696,-229.24855385617727,502.9438475017606,225.84328387583815,275.7720785735901,322.9061398276385,363.5412576771626,431.4717842795921,481.7389778052723,561.4643108199116
"InChI=1/C9H12/c1-5-8-9(4,6-2)7-3/h6-7H,2-3H2,1,4H3",[H]C([H])=C([H])C(C#CC([H])([H])[H])(C([H])=C([H])[H])C([H])([H])[H],284.855088,447.4788,175.64432,217.10776,252.75544,282.42,328.48584,362.5436,415.72224,286.0339433505134,447.02506640157947,176.72759641687327,217.870400078413,253.4411279355536,281.9884986604088,328.1391161686529,361.78192816538734,415.2323834488686
"InChI=1/C9H18/c1-5-8(4)9(6-2)7-3/h5-7H2,1-4H3",[H]C([H])([H])C(=C(C([H])([H])C([H])([H])[H])C([H])([H])C([H])([H])[H])C([H])([H])C([H])([H])[H],-128.92996,466.22312,209.15816,259.11512,304.63704,343.96664,406.6848,453.58744,526.68192,-132.76251638622338,472.537671789068,206.80923844883722,258.18310631575366,304.28728452867176,342.82392766046814,406.07332892035043,452.3855719819154,525.270188699925
"InChI=1/C8H12/c1-4-5-6-7-8(2)3/h4-7H,2H2,1,3H3/b5-4-,7-6+",[H]C([H])=C(/C([H])=C([H])/C([H])=C(/[H])C([H])([H])[H])C([H])([H])[H],102.031024,403.9652,159.49408,204.5976,243.59248,274.8888,320.15968,351.456,398.65152,102.98077613771778,406.30435596677916,160.45487079237154,204.2866139999515,242.3201618081759,272.5759694422188,318.06118061627365,350.0509244882322,399.4118013242155
"InChI=1/C8H10/c1-5-8(4,6-2)7-3/h1-2H,7H2,3-4H3",[H]C#CC(C#C[H])(C([H])([H])[H])C([H])([H])C([H])([H])[H],373.371792,398.14944,165.64456,200.95752,230.07816,253.80144,290.07672,316.89616,359.11272,376.8783128656848,398.4310475279752,164.26334389104886,200.96846176655302,230.8489103990933,253.84842888019594,290.6745331015443,317.42478950797977,359.3608008032034
"InChI=1/C9H12/c1-5-9(6-2,7-3)8-4/h5-8H,1-4H2",[H]C([H])=C([H])C(C([H])=C([H])[H])(C([H])=C([H])[H])C([H])=C([H])[H],265.784416,395.97376,176.52296,223.17456,261.54184,292.00136,337.06304,369.32168,419.27864,267.70871645903446,398.15345066432474,175.58499336916105,225.0693224032389,262.88105576594427,291.093624654634,335.96869769291425,366.05480422264816,414.4808275645173
"InChI=1/C8H14/c1-4-7-8(5-2)6-3/h4-5,7-8H,2,6H2,1,3H3/b7-4-/t8-/m1/s1",[H]C([H])=C([H])[C@@]([H])(/C([H])=C(/[H])C([H])([H])[H])C([H])([H])C([H])([H])[H],29.212688,435.72176,174.34728,217.1496,255.09848,286.93872,336.3936,373.04544,430.36624,31.27986069002756,434.33640112188885,174.08738141975647,216.4453960868841,254.5887118878581,285.9066121423125,336.27946996741946,373.40203852860407,431.79386586661747
"InChI=1/C7H8/c1-4-7(5-2)6-3/h1,5-6H,2H2,3H3/b7-6+",[H]C#C/C(C([H])=C([H])[H])=C(/[H])C([H])([H])[H],312.348152,361.12104,132.17256,164.72408,191.33432,212.338,243.21592,265.30744,299.69992,317.0060716115147,362.5384630532064,130.9566229386868,163.12850961202034,189.53907646651245,209.55250057282464,241.85502846667976,265.0550906460655,301.37743049578023
"InChI=1/C9H18/c1-5-6-7-9(4)8(2)3/h5-7H2,1-4H3",[H]C([H])([H])C(=C(C([H])([H])[H])C([H])([H])C([H])([H])C([H])([H])C([H])([H])[H])C([H])([H])[H],-130.846232,485.26032,199.91152,248.61328,294.67912,335.01288,399.69752,448.19008,523.58576,-130.35001873269798,484.63227851836024,199.12923145973463,248.53200114862653,295.0952925999997,334.46152899292093,399.35651679373024,448.0384895038809,523.0343168760561
"InChI=1/C6H6/c1-3-5-6-4-2/h1H,4H2,2H3",[H]C#CC#CC([H])([H])C([H])([H])[H],395.233192,337.14672,110.6668,133.13488,151.71184,167.10896,191.29248,209.49288,238.11144,397.5383679694053,337.6099659799457,109.67842605078764,132.83371900994013,151.49308016478636,166.33656053198342,190.9532586348913,209.11187768241615,237.08622744814858
"InChI=1/C8H16/c1-5-6-7-8(2,3)4/h6-7H,5H2,1-4H3/b7-6+",[H]/C(=C(/[H])C(C([H])([H])[H])(C([H])([H])[H])C([H])([H])[H])C([H])([H])C([H])([H])[H],-114.45332,428.94368,182.04584,228.73928,270.32824,305.55752,360.74448,401.8732,466.34864,-113.9072767434246,429.2941452380094,180.98277013267025,227.87713892054617,269.68180712766923,304.53917105557935,360.47554739660046,401.9143646155211,467.7606059877031
"InChI=1/C6H8/c1-4-5-6(2)3/h2H2,1,3H3",[H]C([H])=C(C#CC([H])([H])[H])C([H])([H])[H],212.287792,352.87856,113.21904,138.65776,161.46056,181.08352,212.37984,235.93576,272.7968,214.21009808608306,353.18923797650336,112.9489724787008,139.1742097808942,162.18140825306875,181.25796197238515,213.2388142377763,237.03310128409566,273.5333802485897
"InChI=1/C10H22/c1-6-7-9(2)8-10(3,4)5/h9H,6-8H2,1-5H3/t9-/m1/s1",[H]C([H])([H])C([H])([H])C([H])([H])[C@@]([H])(C([H])([H])[H])C([H])([H])C(C([H])([H])[H])(C([H])([H])[H])C([H])([H])[H],-269.713192,505.88744,241.16576,305.47384,362.58544,410.70144,485.51136,540.69832,626.21928,-269.1881127371663,505.1573753573474,240.49247241850392,304.6497604188215,361.45088800191735,408.9043599712151,483.9290337736775,539.867998497519,625.8294395076197
"InChI=1/C9H20/c1-7-9(5,6)8(2,3)4/h7H2,1-6H3",[H]C([H])([H])C([H])([H])C(C([H])([H])[H])(C([H])([H])[H])C(C([H])([H])[H])(C([H])([H])[H])C([H])([H])[H],-245.931336,449.65448,216.98224,274.17752,324.09264,366.43472,433.58792,484.21432,563.87768,-241.15659851929817,445.9490524901123,217.0664505750661,275.3670451439105,326.1086767010023,367.63904372120254,435.85013357811096,485.9800013469069,564.7072746589465
"InChI=1/C6H8/c1-3-5-6-4-2/h4-6H,1H2,2H3/b6-4-",[H]C([H])=C=C([H])/C([H])=C(/[H])C([H])([H])[H],223.835632,339.99184,115.14368,145.26848,170.498,190.66488,220.66416,242.37912,276.18584,223.8865645141317,341.17114077987986,114.67053864178988,144.5731021461263,170.3727802962808,190.4708268301393,221.7222606275966,243.51201681250785,276.47788850281233
"InChI=1/C6H8/c1-3-5-6-4-2/h3-6H,1-2H2/b6-5+",[H]C([H])=C([H])/C([H])=C(\[H])C([H])=C([H])[H],164.903992,323.67424,113.72112,148.15544,177.27608,199.91152,231.29152,252.00232,282.29448,169.87889307011466,323.9299269055579,113.4129462375777,148.7999165211141,178.2527604887369,200.0213140398936,231.36963256336622,251.5448321243107,280.82358720120067
"InChI=1/C7H10/c1-3-5-7-6-4-2/h3-7H,1H2,2H3/b6-4+,7-5+",[H]C([H])=C([H])/C([H])=C([H])/C([H])=C(\[H])C([H])([H])[H],131.850392,365.13768,136.94232,175.81168,209.66024,236.77256,275.68376,302.16848,341.28888,134.82965020437973,366.315029963395,136.1443134784817,176.10718002602695,210.65923152134678,237.19038500291882,275.81704124425994,301.5682520851114,340.51240667559046
"InChI=1/C8H14/c1-4-7-8(5-2)6-3/h4-5,7-8H,2,6H2,1,3H3/b7-4+/t8-/m1/s1",[H]C([H])=C([H])[C@@]([H])(/C([H])=C(\[H])C([H])([H])[H])C([H])([H])C([H])([H])[H],25.221152,441.03544,176.18824,215.8944,252.16968,283.466,333.21376,370.57688,429.11104,25.943327915290382,438.14291340456964,176.7567730379543,217.2875637358066,253.94195445770066,284.58911902938024,334.556184646607,371.84800280489605,430.994458851275
"InChI=1/C7H8/c1-3-5-7-6-4-2/h5-6H,1-2,7H2",[H]C([H])=C=C([H])C([H])([H])C([H])=C=C([H])[H],398.664072,371.91576,133.38592,160.54008,184.59808,204.93232,236.89808,260.62136,297.52424,394.8383558358638,374.0494768610534,133.28859893942513,161.01704258213738,185.52257707038586,205.0725623957956,237.0031304401191,260.19926852261256,296.08021522658066
"InChI=1/C5H12/c1-4-5(2)3/h5H,4H2,1-3H3",[H]C([H])([H])C([H])([H])C([H])(C([H])([H])[H])C([H])([H])[H],-156.138512,345.30552,121.21048,152.84152,181.66928,206.52224,246.27024,276.31136,323.8416,-153.3149753447304,346.2630952535119,121.88684108273378,153.52885111226155,183.0004252808448,209.64481918469968,248.0165663368748,276.1907437030636,321.1809458737741
"InChI=1/C9H12/c1-5-8-9(4,6-2)7-3/h2,5,7-8H,3H2,1,4H3/b8-5+/t9-/m0/s1",[H]C#C[C@@](C([H])=C([H])[H])(/C([H])=C(\[H])C([H])([H])[H])C([H])([H])[H],295.356928,445.596,181.25088,222.33776,257.23232,286.14376,330.99624,364.2172,416.34984,299.52982062800595,442.0959339743747,183.09699104220817,223.24165680150224,257.7500112817354,285.5350424106434,330.55446860535375,363.7959519381777,416.5365644395596
"InChI=1/C7H16/c1-5-7(4)6(2)3/h6-7H,5H2,1-4H3/t7-/m0/s1",[H]C([H])([H])C([H])([H])[C@]([H])(C([H])([H])[H])C([H])(C([H])([H])[H])C([H])([H])[H],-197.894832,418.90208,166.56504,210.41336,250.2032,284.3028,338.4856,379.23776,443.12744,-197.62254705459716,412.83663342164937,169.2027202851445,213.65884703889137,253.22616424264857,286.09093233786245,339.8666612733522,380.0959266764821,443.1127181629365
"InChI=1/C7H14/c1-4-7(5-2)6-3/h4,7H,1,5-6H2,2-3H3",[H]C([H])=C([H])C([H])(C([H])([H])C([H])([H])[H])C([H])([H])C([H])([H])[H],-72.743024,400.53432,168.11312,208.48872,243.5088,272.83864,318.94632,353.63168,408.52576,-71.31875285618452,408.20798550493146,164.92490376515693,204.8979864406255,240.33039787677896,269.8543457498254,317.8028303186093,353.18176593881685,408.84623805471165
"InChI=1/C8H10/c1-3-5-7-8-6-4-2/h3,8H2,1-2H3",[H]C([H])([H])C#CC([H])([H])C#CC([H])([H])C([H])([H])[H],365.150232,435.47072,145.68688,179.20072,209.32552,235.1408,276.22768,306.93824,354.55216,359.116858847337,436.208518072761,145.04277545414186,178.76459255475558,209.06437866774772,234.40568537982946,275.9772784609195,306.76358515132995,354.7415029642883
"InChI=1/C8H14/c1-5-7-8(3,4)6-2/h5-7H,2H2,1,3-4H3/b7-5+",[H]C([H])=C([H])C(/C([H])=C(\[H])C([H])([H])[H])(C([H])([H])[H])C([H])([H])[H],15.254864,421.83088,174.43096,216.77304,254.26168,285.89272,335.43128,372.25048,429.94784,17.80956394842056,423.6315036989377,175.68956354327003,217.7986792281625,255.26845263606384,286.02183287136427,335.69809841974745,372.4917651705955,430.57564261951165
"InChI=1/C6H10/c1-3-5-6-4-2/h3-4,6H,1,5H2,2H3/b6-4-",[H]C([H])=C([H])C([H])([H])/C([H])=C(/[H])C([H])([H])[H],79.470896,365.6816,121.5452,150.66584,177.82,201.2504,238.36248,266.1024,309.36496,80.20029563971029,368.04031256232105,121.05198226575578,150.75472278619932,178.3144833971493,201.5540566195796,239.05847214633457,266.7160094443479,309.76658937478953
"InChI=1/C6H10/c1-3-5-6-4-2/h3-4H,1-2,5-6H2",[H]C([H])=C([H])C([H])([H])C([H])([H])C([H])=C([H])[H],84.28668,368.4012,124.55768,154.34776,181.33456,204.30472,240.53816,267.60864,310.0344,82.22486930917283,370.86843053385064,122.9209449350443,153.58170880334703,180.8993579262326,203.6601129963633,240.73464135840743,268.09974593540346,310.6672047011275
"InChI=1/C9H12/c1-5-9(6-2,7-3)8-4/h1,6-7H,2-3,8H2,4H3",[H]C#CC(C([H])=C([H])[H])(C([H])=C([H])[H])C([H])([H])C([H])([H])[H],304.390184,434.00632,188.11264,229.45056,263.84304,292.08504,335.5568,367.68992,418.23264,308.92573132824407,434.24495571674424,185.6507239150932,228.76302045554547,264.05923455082035,292.062627688866,336.7963221589795,368.8793891306169,419.1024625033732
"InChI=1/C7H16/c1-6(2)7(3,4)5/h6H,1-5H3",[H]C([H])([H])C([H])(C([H])([H])[H])C(C([H])([H])[H])(C([H])([H])[H])C([H])([H])[H],-209.350624,390.95296,167.1508,212.17064,252.25336,286.26928,339.99184,380.20008,443.42032,-206.42153517675294,390.29629821152287,166.9633673233991,212.54397120749303,252.69126569744517,285.01429188912573,339.3899820831306,379.3750181806447,443.09885401074536
"InChI=1/C6H14/c1-4-6(3)5-2/h6H,4-5H2,1-3H3",[H]C([H])([H])C([H])([H])C([H])(C([H])([H])[H])C([H])([H])C([H])([H])[H],-173.920512,385.26272,143.46936,180.20488,214.30448,243.9272,291.37376,327.10512,383.17072,-173.0644512709557,384.2319763668303,145.63656698691605,183.0581427817303,217.0960998980017,245.04508837022928,292.10205417476664,327.36863680958487,381.97374798121444
"InChI=1/C6H10/c1-3-5-6-4-2/h1H,4-6H2,2H3",[H]C#CC([H])([H])C([H])([H])C([H])([H])C([H])([H])[H],124.632992,367.73176,128.57432,158.5736,185.01648,207.40088,242.71384,269.2404,310.99672,126.33520515791494,367.41311110053425,130.14775386996354,159.67786967802968,185.46740861049096,206.80914142703097,242.28350005529512,269.2154760906582,310.2905751038887
"InChI=1/C8H18/c1-3-5-7-8-6-4-2/h3-8H2,1-2H3",[H]C([H])([H])C([H])([H])C([H])([H])C([H])([H])C([H])([H])C([H])([H])C([H])([H])C([H])([H])[H],-209.208368,462.29016,201.16672,244.63848,286.85504,324.21816,384.80248,430.70096,502.74944,-209.67884976470813,464.24837826537043,200.00841545766667,245.0791796977049,287.50729642514693,323.9413476274584,384.8504932192881,429.91852880336876,501.587800433751
"InChI=1/C8H18/c1-6(2)8(5)7(3)4/h6-8H,1-5H3",[H]C([H])([H])C([H])(C([H])([H])[H])C([H])(C([H])([H])[H])C([H])(C([H])([H])[H])C([H])([H])[H],-221.505144,431.28672,197.0664,247.94384,292.54528,329.99208,388.94464,433.37872,503.7536,-222.1962043987264,439.53785026627725,192.9881056955408,244.70169372118585,290.21588339268965,327.70387634987105,388.75154178303643,434.06193870082325,505.12468429923854
"InChI=1/C10H22/c1-7-10(6,8-2)9(3,4)5/h7-8H2,1-6H3",[H]C([H])([H])C([H])([H])C(C([H])([H])[H])(C([H])([H])C([H])([H])[H])C(C([H])([H])[H])(C([H])([H])[H])C([H])([H])[H],-253.671736,471.45312,243.67616,309.07208,366.43472,414.38336,488.52384,543.0832,627.8092,-251.07191699527274,471.71731373421983,244.39789957455284,309.9028694339958,367.18687475658885,413.82756697765245,487.155767140242,542.2158683251598,626.6757370662658
"InChI=1/C5H4/c1-3-5-4-2/h1-2H,5H2",[H]C#CC([H])([H])C#C[H],457.085264,298.7376,89.1192,106.44096,119.91344,130.66632,147.15128,159.49408,179.15888,454.73457426430014,299.11517386395514,89.24287326279833,105.53195107108326,119.44849245498693,131.11272388038486,146.79436790172366,158.29663935770185,177.94821093438196
"InChI=1/C9H18/c1-6-8(4)9(5)7(2)3/h7H,6H2,1-5H3/b9-8-",[H]C([H])([H])/C(=C(\C([H])([H])[H])C([H])(C([H])([H])[H])C([H])([H])[H])C([H])([H])C([H])([H])[H],-134.01352,465.17712,197.65216,250.8308,299.28152,340.74496,405.848,453.79664,527.3932,-131.71543172101858,467.2921302662156,197.27540279838837,251.07148180037063,299.5391475940859,339.49314696267146,404.6023073085089,452.17535727355937,525.5913121735698
"InChI=1/C5H10/c1-3-5-4-2/h3,5H,4H2,1-2H3/b5-3+",[H]/C(=C(/[H])C([H])([H])C([H])([H])[H])C([H])([H])[H],-32.936448,341.16336,109.91368,136.56576,161.41872,183.09184,218.02824,244.5548,286.31112,-33.85733992730579,344.0459596484467,109.41449768343253,136.4858939761516,161.69242417519234,183.2378411255209,217.95685279195249,243.99810540253554,286.57063479120836
"InChI=1/C7H6/c1-3-5-7-6-4-2/h1,4H,2,5H2",[H]C#CC([H])([H])C#CC([H])=C([H])[H],516.753288,374.6772,118.65824,144.43168,165.81192,183.30104,210.246,230.03632,260.62136,517.1107454787527,375.8284234186922,118.76593215835001,144.6375636506745,166.18433216429975,183.08127991917345,209.99289636811972,229.8505246876192,259.98093381054747
"InChI=1/C8H10/c1-5-8(4,6-2)7-3/h1,6-7H,2-3H2,4H3",[H]C#CC(C([H])=C([H])[H])(C([H])=C([H])[H])C([H])([H])[H],327.803848,404.46728,157.86232,194.556,224.76448,249.24088,286.64584,314.17656,357.5228,325.2256032166795,403.94924235105293,158.39699495855723,195.06922224785842,225.39410948582338,248.8465988801287,286.6330988476469,314.3576191035685,358.20662993922076
"InChI=1/C6H10/c1-4-5-6(2)3/h4-5H,2H2,1,3H3/b5-4-",[H]C([H])=C(/C([H])=C(/[H])C([H])([H])[H])C([H])([H])[H],58.442112,359.32192,122.00544,152.21392,179.20072,202.2964,238.9064,266.35344,309.4068,49.90727648284026,355.95239542098284,122.78342918979948,154.14719512406396,181.81480330866918,204.35085403878557,241.44978142072495,268.3275479223262,310.4573806606801
"InChI=1/C7H14/c1-5-7(4)6(2)3/h5-6H,1-4H3/b7-5+",[H]/C(=C(/C([H])([H])[H])C([H])(C([H])([H])[H])C([H])([H])[H])C([H])([H])[H],-87.993704,406.93584,152.25576,190.70672,226.64728,257.85992,307.7332,345.26368,404.09072,-86.68525667101295,404.19023580891735,152.71845324385714,192.46358129327515,228.74977605133202,258.6888154396338,308.48639295612986,345.6293467162496,403.47871172797124
"InChI=1/C8H16/c1-5-8(6-2)7(3)4/h5,7H,6H2,1-4H3/b8-5-",[H]/C(=C(\C([H])([H])C([H])([H])[H])C([H])(C([H])([H])[H])C([H])([H])[H])C([H])([H])[H],-103.102128,438.73424,175.60248,221.9612,264.4288,300.87144,358.31776,400.86904,466.59968,-97.88634094339741,434.4074201436897,175.95883246919706,224.30352641300283,267.1325488052761,302.20021308185926,359.3435025381284,400.60505544825503,465.2324580297128
"InChI=1/C7H10/c1-3-5-7-6-4-2/h3-5,7H,1-2H3/b5-3-",[H]C(=C=C([H])C([H])([H])[H])/C([H])=C(/[H])C([H])([H])[H],195.171048,383.21256,136.69128,171.46032,201.71064,226.52176,264.34512,291.91768,334.72,194.53674521176262,382.75622802045206,137.805983894753,171.94245069459015,202.08760148100566,226.23962227661679,264.65689051469144,292.0476379692652,334.236699156602
"InChI=1/C7H8/c1-5-7(3,4)6-2/h1-2H,3-4H3",[H]C#CC(C#C[H])(C([H])([H])[H])C([H])([H])[H],397.01976,356.10024,139.70376,170.12144,194.3468,213.63504,242.96488,264.638,299.03048,396.9566000072373,357.08716410966855,139.18402262948283,169.95871844330503,194.4139197783298,212.7224782269563,242.47084267814074,264.0549777307795,298.72557468838136
"InChI=1/C7H8/c1-4-6-7(3)5-2/h5H,2-3H2,1H3",[H]C([H])=C([H])C(C#CC([H])([H])[H])=C([H])[H],305.189328,372.1668,128.53248,161.20952,188.11264,209.49288,241.12392,263.84304,299.11416,307.4828198153605,375.14461289657777,126.855976175139,157.65325487115265,184.1117042539031,205.23335909889664,238.57130249689556,262.9325185298123,301.1241522411794
"InChI=1/C4H6/c1-3-4-2/h4H,1H2,2H3",[H]C([H])=C=C([H])C([H])([H])[H],159.607048,291.54112,79.0776,96.94328,112.968,126.73336,148.7412,165.35168,191.58536,158.69087578798286,291.1582876486065,78.99227498907882,96.94136019004421,113.74265616349601,125.67358518107159,148.71045330971452,164.31159058274704,191.553182703297
"InChI=1/C8H18/c1-7(2)5-6-8(3)4/h7-8H,5-6H2,1-4H3",[H]C([H])([H])C([H])(C([H])([H])[H])C([H])([H])C([H])([H])C([H])(C([H])([H])[H])C([H])([H])[H],-225.32932,446.68384,192.96608,242.83936,288.15208,326.93776,388.2752,434.00632,505.09248,-225.8835129007451,445.8767923183451,193.88729132223887,244.1606589561976,289.2004882249783,326.8486991206103,387.58040783628087,432.96313311508766,504.2648394833085
"InChI=1/C10H6/c1-5-9-10(6-2,7-3)8-4/h2-4H,1H3",[H]C#CC(C#C[H])(C#C[H])C#CC([H])([H])[H],973.248608,426.3496,174.4728,205.89464,229.61792,248.36224,276.85528,297.9008,330.9544,972.8764919328343,426.617405489489,173.23618078458694,205.53241797941263,229.504459697333,247.79925183708303,276.5972160898763,297.4970774738279,330.09872506990075
"InChI=1/C9H20/c1-7(2)9(5,6)8(3)4/h7-8H,1-6H3",[H]C([H])([H])C([H])(C([H])([H])[H])C(C([H])([H])[H])(C([H])([H])[H])C([H])(C([H])([H])[H])C([H])([H])[H],-243.161528,446.80936,220.16208,280.70456,332.25144,374.55168,439.65472,488.10544,564.6308,-239.96314402992394,451.67284696057465,218.53871306116739,277.60672967103136,328.8934619098699,370.93602287230243,439.5502185976164,489.2658062630846,567.2852246322007
"InChI=1/C7H12/c1-3-5-7-6-4-2/h3-4,6H,1,5,7H2,2H3/b6-4+",[H]C([H])=C([H])C([H])([H])C([H])([H])/C([H])=C(\[H])C([H])([H])[H],52.496648,408.48392,148.40648,182.67344,214.34632,241.66784,285.18144,317.81664,368.98696,52.04087060352329,413.0266555851349,146.8341763327262,181.5689650602271,213.68097670797482,240.85149006354897,285.2907748565085,318.4659224140483,370.190605033945
"InChI=1/C6H10/c1-3-5-6-4-2/h5H,1,4,6H2,2H3",[H]C([H])=C=C([H])C([H])([H])C([H])([H])C([H])([H])[H],117.620608,369.238,124.22296,154.51512,181.66928,204.68128,240.9984,268.11072,310.53648,120.45673005168796,368.62876490143094,125.93556655749492,155.70815867717306,182.20793690890298,204.02162659352456,240.5596083495568,267.6753062793274,309.6407028728938
"InChI=1/C8H8/c1-4-7-8(5-2)6-3/h2,6H,1,3H3/b8-6+",[H]C#C/C(C#CC([H])([H])[H])=C(/[H])C([H])([H])[H],456.20244,399.86488,143.38568,172.88288,198.48896,220.12024,254.30352,279.74224,319.2392,456.20624861963336,401.8714100523755,142.23678486233416,173.11701654244084,199.24379290777608,219.95810160619968,254.06404320251488,279.5502367675548,318.7029861467158
"InChI=1/C7H10/c1-4-6-7(3)5-2/h4-6H,2-3H2,1H3/b6-4-",[H]C([H])=C([H])C(=C([H])[H])/C([H])=C(/[H])C([H])([H])[H],152.644872,372.12496,143.302,181.3764,211.75224,235.47552,270.57928,296.14352,336.51912,152.59881175294817,373.7119471795384,140.25449175664698,177.64625414541993,209.48504095175508,234.02327328371626,271.28980170700675,297.67534620758937,338.6908947488521
"InChI=1/C6H6/c1-3-5-6-4-2/h5H,1H2,2H3",[H]C([H])=C=C([H])C#CC([H])([H])[H],392.798104,346.10048,105.56232,127.90488,147.19312,163.46888,189.1168,208.154,237.73488,389.0217668256404,345.3279413450004,105.44039450937143,127.60660021615965,146.782542435298,162.64455156240558,188.7361031112091,207.75692655357506,237.07945381950657
